custName,InvcNum,DueDate,Rep1Id,CustPhone,Email,Addr1,Addr2,City,Region,PostalCode,CustFax,ShipToName,ShipToAddr1,ShipToAddr2,ShipToCity,ShipToRegion,ShipToPostalCode,ShipToContact,ShipPhone
1426591 Ontario Inc.,99704-2,11/29/2023,TS,5198299919,jercas@rogers.com#mailto:jercas@rogers.com,415 Woodlawn Road West,,Guelph,,N1H7M1,,Wendy's Site #06302,292 Stone Road,,Guelph,ON,N1G3C4,,5195765800
1572592 Alberta LTD,122685,1/15/2024,TS,4165530673,,3805 MacNeil Heath,,Edmonton,AB,T6R0H5,,"Wendy's 06816 Stony Plain, AB",3007 43rd Ave,,Stony Plain,AB,T7Z1M5,Store Manager,
"A.E. WEN Enterprises, Inc.",122822-1,12/18/2023,TS,9052646672,peter@sparkleventures.com#mailto:peter@sparkleventures.com,1839 Albion Rd. Unit #1,Unit #1,Etobicoke,ON,M9W5S8,,"Wendy's site 06760 Toronto, ON",6464 Yonge St.,,Toronto,ON,M2M3X4,,
Amaash Corporation,123274,11/29/2023,TS,4088437303,jose@amaashcorp.com#mailto:jose@amaashcorp.com,1106 Germano Way,,Pleasanton,CA,94566,,"Wendy's Site #04688 Fairfield, CA",4447 Central Place,,Fairfield,CA,94534,Store Manager,
B.F. St. Louis,111244-1,11/28/2023,TS,6362481130,gthompson@bfcompanies.com#mailto:gthompson@bfcompanies.com,3309 Collins Lane,,Louisville,KY,40223,,"WEN #11161 O'Fallon, MO",4210 Highway K,,O'Fallon,MO,63368,,
B.F. St. Louis,113055-3,11/21/2023,TS,6362481130,gthompson@bfcompanies.com#mailto:gthompson@bfcompanies.com,3309 Collins Lane,,Louisville,KY,40223,,Wendy's Site #11164 St. Charles - MO,2760 Muegge Road,,St. Charles,MO,63303,Store Manager,
B.F. St. Louis,120426-4,11/21/2023,TS,6362481130,gthompson@bfcompanies.com#mailto:gthompson@bfcompanies.com,3309 Collins Lane,,Louisville,KY,40245,,"Wendy's site 13874 Saint Louis, MO",5624 Telegraph Rd.,,Saint Louis,MO,63129,Store Manager,
"Barbarosa Foods, Ltd.",123176,1/26/2024,TS,6023273845,Mike.Crawley@wendys.com#mailto:Mike.Crawley@wendys.com,1100 NE Loop 410,Suite 900,San Antonio,TX,78209,,"Wendy's site 10829 Kanab, UT",301 South Fairway,,Kanab,UT,84741,Store Manager,
"Be Worthy Foods Akron, LLC",123345,1/5/2024,TS,4195664750,jworkman@beworthyfoods.com#mailto:jworkman@beworthyfoods.com,2268 W. 9th Street,,Cuyahoga Falls,OH,44221,,"Wendy's site 02127 Norton, OH",3178 Greenwich Rd.,,Norton,OH,44203,Store Manager,3308250430
"Big Red Wen, LLC",109071-3,12/1/2023,TS,4024325757,bryantcw@hotmail.com#mailto:bryantcw@hotmail.com,8601 Andermatt Drive,,Lincoln,NE,68526,,"Wendy's Site #10680 Percival, IA",2111 Sapp Bros Drive,,Percival,IA,51648,Store Manager,7123821585
"Boomboom Tacos,Tequila and mezcal",123035,12/8/2023,JS,6143129377,miquielmelendez03@hotmail.com#mailto:miquielmelendez03@hotmail.com,201 Chittenden Ave,199 Chittenden Ave,Columbus,OH,43201,,"Boomboom Tacos,Tequila and mezcal",201 Chittenden Ave,199 Chittenden Ave,Columbus,OH,43201,,6143129377
Brian H. Kelemen & Associates,120777-1,11/29/2023,TS,3133771502,wendys.john@gmail.com#mailto:wendys.john@gmail.com,8187 Rhode Suite C,,Shelby Township,MI,48317,5863230480,"Wendy's site 00319 Utica, MI",45840 Van Dyke,,Utica,MI,48317,,
Brian H. Kelemen & Associates,123121,11/9/2023,TS,3133771502,wendys.john@gmail.com#mailto:wendys.john@gmail.com,8187 Rhode Suite C,,Shelby Township,MI,48317,5863230480,"Wendy's site 08583 Southfield, MI",29069 Greenfield Rd,,Southfield,MI,48076,Store Manager,
Brian H. Kelemen & Associates,123121-1,11/28/2023,TS,3053940315,brxchr@gmail.com#mailto:brxchr@gmail.com,8187 Rhode Suite C,,Shelby Township,MI,48317,5863230480,"Wendy's site 08583 Southfield, MI",29069 Greenfield Rd,,Southfield,MI,48076,,
Caldara & Sons Contracting Inc.,123153,11/15/2023,TS,6315897979,debbie@caldaraandsons.com#mailto:debbie@caldaraandsons.com,624 Portion Rd,,Ronkonkoma,NY,11779,6315892158,Caldara & Sons Contracting Inc. CVS 922,624 Portion Rd,,Ronkonkoma,NY,11779,Debbie Hartmann,6315897979
Capital Property Solutions,123083,11/3/2023,SHOWROOM,6144814411,afitzpatrick@cpscolumbus.com#mailto:afitzpatrick@cpscolumbus.com,2200 West 5th Ave,,Columbus,OH,43215,,THE COURTYARDS AT BEULAH PARK,,,GROVE CITY,OH,43123,,
"Carolina Restaurant Group, Inc.",121215-2,11/21/2023,TS,7049401509,kmarsh@classicburgers.com#mailto:kmarsh@classicburgers.com,"8040 Arrowridge Blvd., Ste 200",,Charlotte,NC,28273,7045252081,Wendy's site 07607 Columbia - SC,2120 Clemson Rd.,,Columbia,SC,29229,Store Manager,
"Carolina Restaurant Group, Inc.",122929,11/17/2023,TS,7049401509,invoices@classicburgers.com#mailto:invoices@classicburgers.com,"8040 Arrowridge Blvd., Ste 200",,Charlotte,NC,28273,7045252081,"Wendy's site 13954 Rock Hill, SC",2645 Celanese Rd,,Rock Hill,SC,29732,Store Manager,
"Carolina Restaurant Group, Inc.",123123-1,12/12/2023,TS,7049401509,kmarsh@classicburgers.com#mailto:kmarsh@classicburgers.com,"8040 Arrowridge Blvd., Ste 200",,Charlotte,NC,28273,7045252081,"Wendy's Site #11241 Charlotte, NC",9905 Northlake Centre Pkwy,,Charlotte,NC,28216,Store Manager,7049211120
"Carolina Restaurant Group, Inc.",123172-1,11/17/2023,TS,7049401509,kmarsh@classicburgers.com#mailto:kmarsh@classicburgers.com,"8040 Arrowridge Blvd., Ste 200",,Charlotte,NC,28273,7045252081,"Wendy's Site #09667 Columbia, SC",100 Newland Rd.,,Columbia,SC,29229,Store Manager,8037886003
"Carolina Restaurant Group, Inc.",123178,11/20/2023,TS,7049401523,kalvis@classicsburgers.com#mailto:kalvis@classicsburgers.com,"8040 Arrowridge Blvd., Ste 200",,Charlotte,NC,28273,7045252081,"Wendy's site 09578 Pilot Mountain, NC",806 South Key St.,,Pilot Mountain,NC,27041,Store Manager,
"Carolina Restaurant Group, Inc.",123252,11/17/2023,TS,7049401509,kmarsh@classicburgers.com#mailto:kmarsh@classicburgers.com,"8040 Arrowridge Blvd., Ste 200",,Charlotte,NC,28273,7045252081,"The Sign Clinic WEN 14042 Orangeburg, SC",369 Timber Road,,Mooresville,NC,28115,Jeremy Norris,7046644389
Clark Holdings Inc.,122950,12/4/2023,JS,7169122523,kprice@clarkholdingsny.com#mailto:kprice@clarkholdingsny.com,443 S. Cayuga Rd.,,Williamsville,NY,14221,,"Tim Hortons 911666 Pifford, NY",3667 Main St.,,Pifford,NY,,,
CLM Midwest,123270,12/1/2023,TS,7086070022,ssacco@clmmidwest.com#mailto:ssacco@clmmidwest.com,2655 Erie St,,River Grove,IL,60171,7344146002,"CVS 2791 Lombard, IL",1005 East Roosevelt Rd,,Lombard,IL,60148,Store Manager,6306278866
Coldwell Banker Realty,123209,11/28/2023,JP,6144199116,sarah.tilson@cboki.com#mailto:sarah.tilson@cboki.com,4378 Tuller Rd,,Dublin,OH,43017,,Coldwell Banker Realty,4378 Tuller Rd,,Dublin,OH,43017,,6144199116
ComFab,122924,11/17/2023,TS,6142728462,j.patton@comfab-inc.com#mailto:j.patton@comfab-inc.com,3200 Valleyview Drive,,Columbus,OH,43204,7408571757,COM FAB/RTA,3200 Valleyview Drive,,Columbus,Oh,43204,,7408571107
ComFab,123037,2/1/2024,TS,6142728462,,3200 Valleyview Drive,,Columbus,OH,43204,7408571757,COM FAB/RTA,3200 Valleyview Drive,,Columbus,Oh,43204,,7408571107
ComFab,123041,11/27/2023,TS,6142728462,j.patton@comfab-inc.com#mailto:j.patton@comfab-inc.com,3200 Valleyview Drive,,Columbus,OH,43204,7408571757,COM FAB/RTA,3200 Valleyview Drive,,Columbus,Oh,43204,,7408571107
ComFab,123042,12/4/2023,TS,6142728462,,3200 Valleyview Drive,,Columbus,OH,43204,7408571757,COM FAB/RTA,3200 Valleyview Drive,,Columbus,Oh,43204,,7408571107
ComFab,123189,12/22/2023,TS,6142728462,,3200 Valleyview Drive,,Columbus,OH,43204,7408571757,COM FAB/RTA,3200 Valleyview Drive,,Columbus,Oh,43204,,7408571107
ComFab,123204,12/5/2023,TS,6142728462,,3200 Valleyview Drive,,Columbus,OH,43204,7408571757,COM FAB/RTA,3200 Valleyview Drive,,Columbus,Oh,43204,,7408571107
ComFab,123217,11/15/2023,TS,6142728462,,3200 Valleyview Drive,,Columbus,OH,43204,7408571757,COM FAB/RTA,3200 Valleyview Drive,,Columbus,Oh,43204,,7408571107
ComFab,123291,12/11/2023,TS,6142728462,,3200 Valleyview Drive,,Columbus,OH,43204,7408571757,COM FAB/RTA,3200 Valleyview Drive,,Columbus,Oh,43204,,7408571107
ComFab,123292,1/2/2024,TS,6142728462,,3200 Valleyview Drive,,Columbus,OH,43204,7408571757,COM FAB/RTA,3200 Valleyview Drive,,Columbus,Oh,43204,,7408571107
Corporate Building Svc Inc,123250,11/29/2023,TS,8452785858,rhaight@corporatebuilding.com#mailto:rhaight@corporatebuilding.com,2022 Route 22,,Brewster,NY,10509,,"CVS 2333 Pittsburgh, PA",5242 Clairton Blvd.,,Pittsburgh,PA,15222,Store Manager,4128855864
CPW Ventures Oromocto Inc.,122705,11/14/2023,TS,5068974790,wk479@hotmail.com#mailto:wk479@hotmail.com,3 Homestead Drive,,Fredericton,NB,,,"Wendy's site 06717 Oromocto, NB",20 Commerce Dr,,Oromocto,NB,E2V0B9,Store Manager,
CUSTOM SIGN CENTER,123276,1/5/2024,HS,0000,,3200 VALLEYVIEW DRIVE,,Columbus,OH,43204,,CUSTOM SIGN CENTER,3200 VALLEYVIEW DRIVE,,Columbus,OH,43204,,6142796700
Delight Restaurant Group,122961,12/12/2023,TS,7577650295,jlevatich@delightrg.com#mailto:jlevatich@delightrg.com,PO Box 780761,,Wichita,KS,67278,,"Wendy's site 14175 Mishawaka, IN",3625 Bremen Hwy,,Mishawaka,IN,46544,Store Manager,
Delight Restaurant Group,122961-1,12/15/2023,TS,7577650295,jlevatich@delightrg.com#mailto:jlevatich@delightrg.com,PO Box 780761,,Wichita,KS,67278,,"Wendy's site 14175 Mishawaka, IN",3625 Bremen Hwy,,Mishawaka,IN,46544,,
Delight Restaurant Group,123136,11/17/2023,TS,7577650295,jlevatich@delightrg.com#mailto:jlevatich@delightrg.com,PO Box 780761,,Wichita,KS,67278,,"Wendy's site 14082 Fayetteville, NC",2150 Cedar Creek Rd,,Fayetteville,NC,28312,Store Manager,
Delight Restaurant Group,123156,11/15/2023,TS,7577650295,jlevatich@delightrg.com#mailto:jlevatich@delightrg.com,PO Box 780761,,Wichita,KS,67278,,"Wendy's site 02640 Hauppauge, NY",527 Route 111,,Hauppauge,NY,11788,Store Manager,
Delight Restaurant Group,123156-1,11/30/2023,TS,7577650295,,PO Box 780761,,Wichita,KS,67278,,"Wendy's site 02640 Hauppauge, NY",527 Route 111,,Hauppauge,NY,11788,,
Delight Restaurant Group,123162,11/16/2023,TS,6142337114,rkrumholz@delightrg.com#mailto:rkrumholz@delightrg.com,PO Box 780761,,Wichita,KS,67278,,"Wendy's site 02670 Hicksville, NY",60 N Broadway,,Hicksville,NY,11801,Store Manager,
Delight Restaurant Group,123245,11/30/2023,TS,7577650295,jlevatich@delightrg.com#mailto:jlevatich@delightrg.com,PO Box 780761,,Wichita,KS,67278,,"Wendy's site 08995 Oakdale, NY",885 Montauk Hwy,,Oakdale,NY,11769,Store Manager,
Delight Restaurant Group,82999-1,11/17/2023,TS,7577650295,jlevatich@delightrg.com#mailto:jlevatich@delightrg.com,PO Box 780761,,Wichita,KS,67278,,"Wendy's site 02549 Brooklyn, NY",1602 Shore Parkway,,Brooklyn,NY,11214,Store Manager,
Delight Restaurant Group,82999-2,12/6/2023,TS,7577650295,,PO Box 780761,,Wichita,KS,67278,,"Wendy's site 02549 Brooklyn, NY",1602 Shore Parkway,,Brooklyn,NY,11214,,
E.J. WEN Enterprises INC,123367,1/26/2024,TS,9052646672,peter@sparkleventures.com#mailto:peter@sparkleventures.com,1839 Albion Rd,Unit #1,Etobicoke,ON,M9W5S8,,"Wendy's site 06417 Concord, ON",9151 Keele St.,,Concord,ON,L4K5B4,Store Manager,
Eagles Landing Travel Centers,122638,11/15/2023,TS,8658508977,scott@eagleslandingmgmt.com#mailto:scott@eagleslandingmgmt.com,720 S River Road Ste A-105,,St. George,UT,84790,,"Wendy's site 14107 Scipio, UT",810 N 800 W,,Scipio,UT,84656,Store Manager,
Epcon Communities,123198-SVC,11/3/2023,ER,6147611010,dmenerey@epconcommunities.com#mailto:dmenerey@epconcommunities.com,500 Stonehenge Parkway,,Dublin,OH,43017,,The Courtyard at Carr Farms,Leppert Rd,,Hilliard,OH,43016,,
Epcon Communities,123210,12/1/2023,ER,6147611010,dmenerey@epconcommunities.com#mailto:dmenerey@epconcommunities.com,500 Stonehenge Parkway,,Dublin,OH,43017,,The Courtyards at Morse Circle,Morse Rd / Reynoldsburg-New Al,,Gahanna,OH,,,
Epcon Communities,123236,11/27/2023,ER,6147611010,EBarritt@epconcommunities.com#mailto:EBarritt@epconcommunities.com,500 Stonehenge Parkway,,Dublin,OH,43017,,Epcon Communities,500 Stonehenge Parkway,,Dublin,OH,43017,,6147611010
Epcon Communities,123286,11/20/2023,ER,6147611010,EBarritt@epconcommunities.com#mailto:EBarritt@epconcommunities.com,500 Stonehenge Parkway,,Dublin,OH,43017,,Courtyards at Mulberry Run,2110 WHITE RD,,Grove City,OH,43123,,
"Excutive Office Group, LLC",110775,1/26/2024,CLF,6144329021,,2682 Cleveland Ave,,Columbus,OH,43211,,"Excutive Office Group, LLC",2682 Cleveland Ave,,Columbus,OH,43211,,6144329021
Fine lIne Autobody,122545,11/3/2023,JP,6149895287,tysafaryan@yahoo.com#mailto:tysafaryan@yahoo.com,4180 Stelzer Rd,,Columbus,OH,43230,,Fine lIne Autobody,4180 Stelzer Rd,,Columbus,OH,43230,,6149895287
Fine lIne Autobody,122956,11/17/2023,JP,6149895287,tysafaryan@yahoo.com#mailto:tysafaryan@yahoo.com,4180 Stelzer Rd,,Columbus,OH,43230,,Fine lIne Autobody,4180 Stelzer Rd,,Columbus,OH,43230,,6149895287
Four Points Pizza & Grill,122825-SVC,11/20/2023,ER,7407393829,leonzhu1988@gmail.com#mailto:leonzhu1988@gmail.com,5277 Columbus Pike,,Lewis Center,OH,43035,,Four Points Pizza & Grill,5277 Columbus Pike,,Lewis Center,OH,43035,,7407393829
Frozen Ice Skating,123049,12/1/2023,JP,6145379441,graniterep@hotmail.com#mailto:graniterep@hotmail.com,6020 Chambersburg Rd.,,Dayton,OH,45424,,Frozen Ice Skating,6020 Chambersburg Rd.,,Dayton,OH,45424,,6145379441
Funny Greek Restaurant,123230,11/10/2023,TF,6148646666,,6184 Livingston Avenue,,Columbus,OH,43232,,Funny Greek Restaurant,6184 Livingston Avenue,,Columbus,OH,43232,,6148646666
Gahanna Grove Condominiums,123280,1/5/2024,ER,6144814411,tbaker@cpscolumbus.com#mailto:tbaker@cpscolumbus.com,Grove Dr,,Gahanna,OH,43230,,"Gahanna Grove Condominiums - Gahanna, OH",Grove Dr,,Gahanna,OH,43230,,6142796700
Grenentec Energy Solutions,122852,11/16/2023,TF,8003404660,graysons@grenentec.com#mailto:graysons@grenentec.com,1322 SE 46th Lane,Unit #201,Cape Coral,FL,33904,,Grenentec/McDonalds Olentangy,2865 Olentangy River Rd,,Columbus,OH,43212,,
Grenentec Energy Solutions,122853,11/13/2023,TF,8003404660,,1322 SE 46th Lane,Unit #201,Cape Coral,FL,33904,,Grenentec/McDonalds West 5th,910 W Fifth Ave,,Columbus,OH,43212,,
Haza Foods LLC,121486-4,11/7/2023,TS,9728161448,tramke@HazaFoods.com#mailto:tramke@HazaFoods.com,4415 Highway 6,,Sugar Land,TX,77478,,"Wendy's site 13953 Beaumont, TX",3685 College St.,,Beaumont,TX,77701,,
Haza Foods LLC,122764-1,1/3/2024,TS,6126162231,tbschmitz1@gmail.com#mailto:tbschmitz1@gmail.com,4415 Highway 6,,Sugar Land,TX,77478,,"Wendy's site 04872 Maplewood, MN",1972 County Rd,,Maplewood,MN,55109,,
Haza Foods LLC,122949,1/26/2024,TS,5049572075,doubre@hazafoods.com#mailto:doubre@hazafoods.com,4415 Highway 6,,Sugar Land,TX,77478,,"Wendy's site 00518 Austin, TX",5000 W Slaughter Lane,,Austin,TX,78749,Store Manager,
Haza Foods LLC,122952,1/26/2024,TS,5049572075,doubre@hazafoods.com#mailto:doubre@hazafoods.com,4415 Highway 6,,Sugar Land,TX,77478,,"Wendy's site 11274 Austin, TX",10701 Research Blvd.,,Austin,TX,78759,Store Manager,
Haza Foods LLC,123163,11/22/2023,TS,2812012764,jimmy@gulshaninc.com#mailto:jimmy@gulshaninc.com,4415 Highway 6,,Sugar Land,TX,77478,,"Wendy's site 02116 Hopkins, MN",303 11th Ave S,,Hopkins,MN,55343,Store Manager,
ID ASSOCIATES,122170-1,11/24/2023,TS,3348361400,,1771 Industrial Road,,Dothan,AL,36303,3348361401,"Wendy's site 00244 Sand Springs, OK",104 S. Adams Rd.,,Sand Springs,OK,74063,,
ID ASSOCIATES,123182,11/20/2023,TS,3348361400,bgrantham@idassociatesinc.com#mailto:bgrantham@idassociatesinc.com,1771 Industrial Road,,Dothan,AL,36303,3348361401,ID ASSOCIATES,1771 Industrial Road,,Dothan,AL,36303,,3348361400
ID ASSOCIATES,123380,12/1/2023,TS,3348361400,clay@idassociatesinc.com#mailto:clay@idassociatesinc.com,1771 Industrial Road,,Dothan,AL,36303,3348361401,Finuf Sign Co. Inc.,426 Park 20 West,,Grovetown,GA,30813,,7068637327
"Inspired by Opportunity, LLC",106511-5,11/23/2023,TS,9045764210,jratti@mhgi.net#mailto:jratti@mhgi.net,45 Ottawa Ave. SW,Suite 600,Grand Rapids,MI,49503,6167762776,Wendy's Site #01766,1830 US HWY 1 S,,St Augustine,FL,32084,,
"Inspired by Opportunity, LLC",117490-1,1/12/2024,TS,6166089024,,45 Ottawa Ave. SW,Suite 600,Grand Rapids,MI,49503,6167762776,"Wendy's Site #11284 Jacksonville, FL",12524 San Jose Blvd,,Jacksonville,FL,32223,,9042602393
"Inspired by Opportunity, LLC",120265,1/12/2024,TS,6166089024,RChenoweth@mhgi.net#mailto:RChenoweth@mhgi.net,45 Ottawa Ave. SW,Suite 600,Grand Rapids,MI,49503,6167762776,"Wendy's site 09893 Jacksonville, FL",10911 Baymeadows Rd.,,Jacksonville,FL,32256,Store Manager,
"Inspired by Opportunity, LLC",120847,1/12/2024,TS,6169888749,GTroth@mhgi.net#mailto:GTroth@mhgi.net,45 Ottawa Ave. SW,Suite 600,Grand Rapids,MI,49503,6167762776,"Wendy's Site 00064 Toledo, OH",4277 Monroe St.,,Toledo,OH,43606,Store Manager,
"Inspired by Opportunity, LLC",121779,12/8/2023,TS,6166089024,RChenoweth@mhgi.net#mailto:RChenoweth@mhgi.net,45 Ottawa Ave. SW,Suite 600,Grand Rapids,MI,49503,6167762776,"Wendy's site 00153 Maumee, OH",914 Conant St.,,Maumee,OH,43537,Store Manager,
"JAI Restaurant Group, LLC",122886,1/19/2024,TS,6023273845,Mike.Crawley@Wendys.com#mailto:Mike.Crawley@Wendys.com,1100 Park Central Blvd,Suite 3300,Pompano Beach,FL,33064,,"Wendy's site 13985 Pecos, TX",1903 S Cedar St,,Pecos,TX,79772,Store Manager,
"JAI Restaurant Group, LLC",122886-1,1/19/2024,TS,6023273845,Mike.Crawley@Wendys.com#mailto:Mike.Crawley@Wendys.com,1100 Park Central Blvd,Suite 3300,Pompano Beach,FL,33064,,"Wendy's site 13985 Pecos, TX",1903 S Cedar St,,Pecos,TX,79772,,
"JAI Restaurant Group, LLC",123344,3/15/2024,TS,6023273845,Mike.Crawley@Wendys.com#mailto:Mike.Crawley@Wendys.com,1100 Park Central Blvd,Suite 3300,Pompano Beach,FL,33064,,"Wendy's site 13984 El Paso, TX",8118 N Loop Dr.,,El Paso,TX,79907,Store Manager,
"JAI Restaurant Group, LLC",123369,12/22/2023,TS,4044724286,Andy.Blackburn@Wendys.com#mailto:Andy.Blackburn@Wendys.com,1100 Park Central Blvd,Suite 3300,Pompano Beach,FL,33064,,"Wendy's site 08459 Mt. Pleasant, SC",596 Long Point Rd,,Mt. Pleasant,SC,29464,Store Manager,
JMJ-LLC,104921-2,11/14/2023,TS,6234632885,vbrown@jmj-llc.com#mailto:vbrown@jmj-llc.com,5535 West Glenn Dr.,,Glendale,AZ,85301,6234632886,Wendy's Site 00626 Phoenix - AZ,3025 W. Peoria Ave,,Phoenix,AZ,85029,Store Manager,
JMJ-LLC,122794,12/1/2023,TS,6234632885,vbrown@jmj-llc.com#mailto:vbrown@jmj-llc.com,5535 West Glenn Dale Dr.,,Glendale,AZ,85301,6234632886,"Wendy's site 01248 Glendale, AZ",5906 W. Bell Rd.,,Glendale,AZ,85308,Store Manager,
Jordan's Crossing,114540,1/26/2024,JS,6145073246,,342 N Hague Ave,,Columbus,OH,43204,,Jordan's Crossing,342 N Hague Ave,,Columbus,OH,43204,,6145073246
Kiddie Academy of Downington PA,123128,12/1/2023,JS,6102139181,arvind.aravindhan@kiddieacademy.net#mailto:arvind.aravindhan@kiddieacademy.net#,Tell Tavern Blvd &,Uwchlan Ave,Downington,PA,19335,,Kiddie Academy of Downington PA,Tell Tavern Blvd &,Uwchlan Ave,Downington,PA,19335,,4105155411
Kuhns Group Inc,123164,12/15/2023,TS,9378629950,tim@kuhnsgroupinc.com#mailto:tim@kuhnsgroupinc.com,PO Box 317,,Spring Valley,OH,45370,9378629952,"Wendy's Site 10511 Ft Wayne, IN",1702 Apple Glen Blvd,,Ft Wayne,IN,46804,Store Manager,
Kuhns Group Inc,82905-2,12/8/2023,TS,9378629950,jerry@kuhnsgroupinc.com#mailto:jerry@kuhnsgroupinc.com,PO Box 317,,Spring Valley,OH,45370,9378629952,"Wendy's site 10522 Bluffton, OH",352 State Route 103,,Bluffton,OH,45817,Store Manager,
"Legacy Restaurant Group, LLC",123313,12/11/2023,TS,7852333218,vbaumgartner@luminousneon.com#mailto:vbaumgartner@luminousneon.com#,10916 Strang Line Rd,,Lenexa,KS,66215,7852665529,Luminous Neon - Inc.,1805 E 123 Rd St,,Olathe,KS,66061,,6206622363
Lsi Industries,123085,11/13/2023,TS,7133294075,presleigh.bland@lsicorp.com#mailto:presleigh.bland@lsicorp.com,14902 Sommermeyer,Suit 120,Houston,TX,77041,7136907317,LSI Industries/ Phill 66,14902 Sommermeyer,Suit 120,Houston,TX,77041,,7137444194
Lsi Industries,123173,12/1/2023,TS,7133294075,,14902 Sommermeyer,Suit 120,Houston,TX,77041,7136907317,LSI Industries/ Phill 66,14902 Sommermeyer,Suit 120,Houston,TX,77041,,7137444194
Lsi Industries,123174,12/1/2023,TS,7133294075,,14902 Sommermeyer,Suit 120,Houston,TX,77041,7136907317,LSI Industries/ Phill 66,14902 Sommermeyer,Suit 120,Houston,TX,77041,,7137444194
Manna Inc,122369-2,11/30/2023,TS,5028553183,SHettich@bfcompanies.com#mailto:SHettich@bfcompanies.com,3309 Collins Lane,,Louisville,KY,40245,5028553193,WEN #11154 BELLEVILLE - IL,2600 Green Mount Commons Dr.,,Belleville,IL,62221,Store Manager,6182343029
Manna Inc.,103650-3,11/14/2023,TS,9203049001,rmaldonado@bfcompanies.com#mailto:rmaldonado@bfcompanies.com,9719 S. Franklin Drive,,Franklin,WI,53132,6305158997,Wendy's Site #01065 Milwaukee - WI,2310 S. 43rd St,,Milwaukee,WI,53219,Store Manager,
Manna Inc.,104445-2,11/14/2023,TS,7574771845,tupton-farrell@vabwendys.com#mailto:tupton-farrell@vabwendys.com,9719 S. Franklin Drive,,Franklin,WI,53132,6305158997,"Wendy's site 11853 Norfolk, VA",9400 Decatur Ave,,Norfolk,VA,23511,Store Manager,
Manna Inc.,107233-2,12/4/2023,TS,8154043232,rdelage@bfcompanies.com#mailto:rdelage@bfcompanies.com,9719 S. Franklin Drive,,Franklin,WI,53132,6305158997,"Wendy's Site #09570 Hopkinsville, KY",1107 W. 7th Street,,Hopkinsville,KY,42240,,2708254011
Manna Inc.,110359-1,1/5/2024,TS,8154043232,rdelage@bfcompanies.com#mailto:rdelage@bfcompanies.com,9719 S. Franklin Drive,,Franklin,WI,53132,6305158997,WEN #11178 Bridgeton - MO,11961 Paul Mayer Ave,,Bridgeton,MO,63044,,
Manna Inc.,110359-2,1/5/2024,TS,8154043232,rdelage@bfcompanies.com#mailto:rdelage@bfcompanies.com,9719 S. Franklin Drive,,Franklin,WI,53132,6305158997,WEN #11178 Bridgeton - MO,11961 Paul Mayer Ave,,Bridgeton,MO,63044,,
Manna Inc.,121166-6,11/21/2023,TS,8154043232,rdelage@bfcompanies.com#mailto:rdelage@bfcompanies.com,9719 S. Franklin Drive,,Franklin,WI,53132,6305158997,"Wendy's site 13952 Plover, WI",1215 Commons Cir,,Plover,WI,54467,,
Manna Inc.,121778-2,11/3/2023,TS,8154043232,rdelage@bfcompanies.com#mailto:rdelage@bfcompanies.com,9719 S. Franklin Drive,,Franklin,WI,53132,6305158997,"Wendy's site 14137 South Milwaukee, WI",240 N Chicago Ave,,South Milwaukee,WI,53172,,
Manna Inc.,122368-3,12/1/2023,TS,8154043232,,9719 S. Franklin Drive,,Franklin,WI,53132,6305158997,"Wendy's site 11157 Belleville, IL",5959 Belleville Crossing St,,Belleville,IL,62226,,
Manna Inc.,123115,1/5/2024,TS,8154043232,rdelage@bfcompanies.com#mailto:rdelage@bfcompanies.com,9719 S. Franklin Drive,,Franklin,WI,53132,6305158997,"Wendy's site 08329 Swansea, IL",2638 N. Illinois Ave,,Swansea,IL,62226,Storer Manager,
Manna Inc.,123115-1,1/5/2024,TS,8154043232,rdelage@bfcompanies.com#mailto:rdelage@bfcompanies.com,9719 S. Franklin Drive,,Franklin,WI,53132,6305158997,"Wendy's site 08329 Swansea, IL",2638 N. Illinois Ave,,Swansea,IL,62226,Storer Manager,
Manna Inc.,123221,1/5/2024,TS,8154043232,rdelage@bfcompanies.com#mailto:rdelage@bfcompanies.com,9719 S. Franklin Drive,,Franklin,WI,53132,6305158997,Wendy's site 04098 St. Peters - MO,275 Mid Rivers Mall Drive,,St. Peters,MO,63376,,
Manna Inc.,123221-1,1/5/2024,TS,8154043232,rdelage@bfcompanies.com#mailto:rdelage@bfcompanies.com,9719 S. Franklin Drive,,Franklin,WI,53132,6305158997,Wendy's site 04098 St. Peters - MO,275 Mid Rivers Mall Drive,,St. Peters,MO,63376,Store Manager,
Manna Inc.,123240,11/27/2023,TS,8154043232,rdelage@bfcompanies.com#mailto:rdelage@bfcompanies.com,9719 S. Franklin Drive,,Franklin,WI,53132,6305158997,"Wendy's site 05568 Green Bay, WI",1100 Radisson St.,,Green Bay,WI,54302,Store Manager,
Manna Inc.,123314,4/12/2024,TS,8154043232,rdelage@bfcompanies.com#mailto:rdelage@bfcompanies.com,9719 S. Franklin Drive,,Franklin,WI,53132,6305158997,"Wendy's site 11170 St. Louis, MO",3801 Gravois Rd,,St. Louis,MO,63116,Stolre Manager,
Manna Inc.,123314-1,4/12/2024,TS,8154043232,rdelage@bfcompanies.com#mailto:rdelage@bfcompanies.com,9719 S. Franklin Drive,,Franklin,WI,53132,6305158997,"Wendy's site 11170 St. Louis, MO",3801 Gravois Rd,,St. Louis,MO,63116,Stolre Manager,
Manna Inc.,123322,2/23/2024,TS,8154043232,rdelage@bfcompanies.com#mailto:rdelage@bfcompanies.com,9719 S. Franklin Drive,,Franklin,WI,53132,6305158997,"Wendy's site 11176 St. Louis, MO",8009 W. Florrisant Ave,,St. Louis,MO,63136,Store Manager,
Manna Inc.,123322-1,2/23/2024,TS,8154043232,rdelage@bfcompanies.com#mailto:rdelage@bfcompanies.com,9719 S. Franklin Drive,,Franklin,WI,53132,6305158997,"Wendy's site 11176 St. Louis, MO",8009 W. Florrisant Ave,,St. Louis,MO,63136,Store Manager,
Manna Inc.,123378,2/16/2024,TS,8154043232,rdelage@bfcompanies.com#mailto:rdelage@bfcompanies.com,9719 S. Franklin Drive,,Franklin,WI,53132,6305158997,"Wendy's site 11121 Fairview Heights, IL",6204 N. Illinois St.,,Fairview Heights,IL,62208,,
Manna Inc.,123378-1,2/16/2024,TS,8154043232,rdelage@bfcompanies.com#mailto:rdelage@bfcompanies.com,9719 S. Franklin Drive,,Franklin,WI,53132,6305158997,"Wendy's site 11121 Fairview Heights, IL",6204 N. Illinois St.,,Fairview Heights,IL,62208,Store Manager,
Manna Inc.,99545-4,12/4/2023,TS,8154043232,rdelage@bfcompanies.com#mailto:rdelage@bfcompanies.com,9719 S. Franklin Drive,,Franklin,WI,53132,6305158997,"Wendy's Site #03823 Macomb, IL",935 West Jackson St.,,Macomb,IL,61455,Levi Hoelscher,3098377700
Meritage Hospitality Group,93572-1,1/12/2024,TS,6166089024,RChenoweth@mhgi.net#mailto:RChenoweth@mhgi.net,3310 Eagle Park Dr.,,Grand Rapids,MI,49525,,Wendy's Site #02147,4453 Southside Blvd,,Jacksonville,FL,32216,,
Meritage Hospitality Group Inc.,109893-1,11/30/2023,TS,9048813431,Fhusic@mhgi.net#mailto:Fhusic@mhgi.net,45 Ottawa Ave. SW,Suite 600,Grand Rapids,MI,49503,6167762776,Wendy's Site #11985 St. John's - FL,140 Bartram Market Drive,,St. John's,FL,32259,Store Manager,
Meritage Hospitality Group Inc.,110327-3,12/6/2023,TS,2162975887,tdavis@mhgi.net#mailto:tdavis@mhgi.net,45 Ottawa Ave. SW,Suite 600,Grand Rapids,MI,49503,6167762776,WEN #03771  Tallahassee - FL,1950 West Pensacola,,Tallahassee,FL,32304,Store Manager,8505759400
Meritage Hospitality Group Inc.,122662,12/8/2023,TS,6169888749,GTroth@mhgi.net#mailto:GTroth@mhgi.net,45 Ottawa Ave. SW,Suite 600,Grand Rapids,MI,49503,6167762776,"Wendy's Site 09046 Big Springs, TX",2311 S. Gregg St,,Big Spring,TX,79720,Store Manager,
Milano Mens Wear,123294,11/27/2023,ER,6143388331,milanomenswear@yahoo.com#mailto:milanomenswear@yahoo.com#,3764 E. Broad St.,,Columbus,OH,43213,,Milano Mens wear,3764 E. Broad St.,,Whitehall,OH,43213,,6143388331
Moore Enterprises Inc,100396-2,11/13/2023,TS,5064503778,Jpdmoore@gmail.com#mailto:Jpdmoore@gmail.com,1050 Woodstock Road,,Fredericton,,E3B7R7,,"WEN #06743 Fredericton, NB",370 Main Street,,Fredericton,NB,E3A1E5,Store Manager,5064629950
MOUNTAI001,123315,12/11/2023,TS,8018648552,tdewitt@wendysppllc.com#mailto:tdewitt@wendysppllc.com,76 West 13775 South,Suite 2,Draper,Utah,84020,,"Wendy's site 08841 Hurricane, UT",1149 W. State,,Hurricane,UT,84737,Store Manager,
MOUNTAI001,123316,12/11/2023,TS,8018648552,tdewitt@wendysppllc.com#mailto:tdewitt@wendysppllc.com,76 West 13775 South,Suite 2,Draper,Utah,84020,,"Wendy's site 05170 Beaver, UT",625 W 1400 North,,Beaver,UT,84713,Store Manager,
MOUNTAI001,123317,12/11/2023,TS,8018648552,tdewitt@wendysppllc.com#mailto:tdewitt@wendysppllc.com,76 West 13775 South,Suite 2,Draper,Utah,84020,,"Wendy's site 11018 Albert Lea, MN",2751 E. Main St,,Albert Lea,MN,56007,Store Manager,
Nuvo Packing,122709,2/2/2024,JP,6145935707,,845 Kaderly Drive,,Columbus,Ohio,43228,,Nuvo Packing,845 Kaderly Drive,,Columbus,Ohio,43228,,6145935707
Outdoor Images of Central Florida,123321-1,12/8/2023,OUTDOOR,4075380668,,3200 Valleyview Dr.,,Columbus,OH,43204,,Outdoor/Citrus Vision Clinic,3175 Grissom Parkway,,Cocoa,FL,32926,,4075380668
Pasta Per Trio Inc.,123149,11/22/2023,JS,6168139294,toms@pastapertrio.com#mailto:toms@pastapertrio.com,P.O. Box 120187,,Grand Rapids,MI,49528,,Noodles Site #8016,184 N. Adams Rd.,Space #E184,Rochester Hills,MI,48309,,
Persona,123094,11/15/2023,TS,8008439888,atschakert@personasigns.com#mailto:atschakert@personasigns.com,700 21st St SW,PO Box 210,Watertown,SD,57201,6058823521,"Sign A Rama-Chandler WEN 11191 Chandle, AZ",3144 N. Colorado St.,,Chandler,AZ,85225,Chris Gunkle,4805688902
Persona,123119,11/17/2023,TS,8008439888,atschakert@personasigns.com#mailto:atschakert@personasigns.com,700 21st St SW,PO Box 210,Watertown,SD,57201,6058823521,"Sign A Rama-Chandler WEN 02663 Gilbert, AZ",3144 N. Colorado St.,,Chandler,AZ,85225,Chris Gunkle,4805688902
"Pertoria, Inc dba Wendy's",123067,3/1/2024,TS,4198333534,rachael@petoria.com#mailto:rachael@petoria.com,236 Main St,,Luckey,OH,43443,4192873535,"Wendy's site 14194 Perrysburg, OH",10705 Fremont Pike,,Perrysburg,OH,43551,Store Manager,
"Pertoria, Inc dba Wendy's",123067-1,3/1/2024,TS,4198333534,rachael@petoria.com#mailto:rachael@petoria.com,236 Main St,,Luckey,OH,43443,4192873535,"Wendy's site 14194 Perrysburg, OH",10705 Fremont Pike,,Perrysburg,OH,43551,,
"Pertoria, Inc dba Wendy's",123067-2,3/1/2024,TS,4198333534,rachael@petoria.com#mailto:rachael@petoria.com,236 Main St,,Luckey,OH,43443,4192873535,"Wendy's site 14194 Perrysburg, OH",10705 Fremont Pike,,Perrysburg,OH,43551,,
Primary Aim LLC,114817-3,12/18/2023,TS,3043744537,John.Szpyrka@primaryaimllc.com#mailto:John.Szpyrka@primaryaimllc.com,947 Adair Ave,,Zanesville,OH,43701,7404546056,"Wendy's site 02372 Pittsburg, PA",6296 Steubenville Pike,,Pittsburgh,PA,15205,Store Manager,
Primary Aim LLC,77617-1,12/4/2023,TS,7242430206,Louis.Marinos@primaryaimllc.com#mailto:Louis.Marinos@primaryaimllc.com,947 Adair Ave,,Zanesville,OH,43701,7404546056,"Wendy's site 02344 Pittsburg, PA",2410 W. Liberty,,Pittsburgh,PA,15226,Store Manager,
Q8 Beauty Suites,123208,12/22/2023,ER,6147833136,myz33z@yahoo.com#mailto:myz33z@yahoo.com,1695 old henderson rd,,Columbus,,43220,,Q8 Beauty suites,1695 old henderson rd,,Columbus,,43220,,6147833136
QFRM 3 LLC,103482-1,11/23/2023,TS,9414790808,sherri.silvestri@qfrminc.com#mailto:sherri.silvestri@qfrminc.com,524 Carnation Drive,,Winter Park,FL,32792,,"Wendy's Site 04730 Punta Gorda, FL",9301 Knights Dr.,Hurricane Ian,Punta Gorda,FL,33950,Store Manager,
QFRM 3 LLC,105711-1,4/1/2024,TS,8137638462,Steve.Jenkins@qfrminc.com#mailto:Steve.Jenkins@qfrminc.com,524 Carnation Drive,,Winter Park,FL,32792,,"Wendy's site 05086 North Port, FL",15021 Tamiami Trail,Hurricane Ian,North Port,FL,34287,Store Manager,
QFRM 3 LLC,112688-1,11/10/2023,TS,9414790808,sherri.silvestri@qfrminc.com#mailto:sherri.silvestri@qfrminc.com,524 Carnation Drive,,Winter Park,FL,32792,,"Wendy's site 12398 Naples, FL",13030 Tamiami Trail East,,Naples,FL,34114,Store Manager,
QFRM 3 LLC,120625,4/5/2024,TS,8137638462,Steve.Jenkins@qfrminc.com#mailto:Steve.Jenkins@qfrminc.com,524 Carnation Drive,,Winter Park,FL,32792,,"Wendy's site 00334 N. Fort Myers, FL",13750 N. Cleveland Ave,Hurricane Ian,N. Fort Myers,FL,33902,Store Manager,2399799788
QFRM 3 LLC,120735,4/5/2024,TS,8137638462,Steve.Jenkins@qfrminc.com#mailto:Steve.Jenkins@qfrminc.com,524 Carnation Drive,,Winter Park,FL,32792,,"Wendy's site 01638 Fort Myers, FL",9301 Daniels Pkwy,Hurricane Ian,Fort Myers,FL,33912,Store Manager,
QFRM 3 LLC,121816,4/19/2024,TS,9414790808,sherri.silvestri@qfrminc.com#mailto:sherri.silvestri@qfrminc.com,524 Carnation Drive,,Winter Park,FL,32792,,"Wendy's site 14159 Bonita Springs, FL",28090 Quails Nest Lane,,Bonita Springs,FL,34135,Store Manager,
QFRM 3 LLC,122848,12/20/2023,TS,9414790808,sherri.silvestri@qfrminc.com#mailto:sherri.silvestri@qfrminc.com,524 Carnation Drive,,Winter Park,FL,32792,,"Wendy's site 01890 Bonita Springs, FL",28140 S Tamiami Trail,,Bonita Springs,FL,34134,Store Manager,
QFRM 3 LLC,122986,12/1/2023,TS,9414790808,sherri.silvestri@qfrminc.com#mailto:sherri.silvestri@qfrminc.com,524 Carnation Drive,,Winter Park,FL,32792,,"Wendy's site 04757 Sarasota, FL",5741 Clark Rd.,Hurrican Ian,Sarasota,FL,34233,Store Manager,
QFRM 3 LLC,99365-3,11/23/2023,TS,9414790808,sherri.silvestri@qfrminc.com#mailto:sherri.silvestri@qfrminc.com,524 Carnation Drive,,Winter Park,FL,32792,,"Wendy's site 00523 Port Charlotte, FL",3206 NW Tamiami Trail,Hurricane Ian,Port Charlotte,FL,33952,Store Manager,
QFRM 3 LLC,99365-4,12/8/2023,TS,9414790808,sherri.silvestri@qfrminc.com#mailto:sherri.silvestri@qfrminc.com,524 Carnation Drive,,Winter Park,FL,32792,,"Wendy's site 00523 Port Charlotte, FL",3206 NW Tamiami Trail,Hurricane Ian,Port Charlotte,FL,33952,,
Quality Food Restaurant Management,122756-2,12/5/2023,TS,3174914664,,6360 East 75th Street,Suite 150,Indianapolis,IN,46250,,"Wendy's site 08388 Carmel, IN",10585 N Michigan Rd,,Carmel,IN,46032,,
Quality Food Restaurant Management,123005,11/13/2023,TS,3174914664,david.bennett@qfrminc.com#mailto:david.bennett@qfrminc.com,6360 East 75th Street,Suite 150,Indianapolis,IN,46250,,"Wendy's site 10919 Indianapolis, IN",5055 W Washington St,,Indianapolis,IN,46241,Store Manager,
Quality Food Restaurant Management,123005-1,11/13/2023,TS,3174914664,,6360 East 75th Street,Suite 150,Indianapolis,IN,46250,,"Wendy's site 10919 Indianapolis, IN",5055 W Washington St,,Indianapolis,IN,46241,,
Quality Food Restaurant Management,123114,11/22/2023,TS,3174914664,david.bennett@qfrminc.com#mailto:david.bennett@qfrminc.com,6360 East 75th Street,Suite 150,Indianapolis,IN,46250,,"Wendy's site 04824 Avon, IN",5201 E US hwy 36,,Avon,IN,46123,Store Manager,
"Quality Served Fast, Inc.",122273,2/29/2024,TS,5702351653,skepic@epix.net#mailto:skepic@epix.net,10 Downs Drive,,Plains,PA,18705,5702351658,"Wendy's site 12774 Clarks Summit, PA",1101 Northern Blvd,,Clarks Summit,PA,18411,Store Manager,
Quick Serve Restaurants Ltd.,122496-1,11/16/2023,TS,9059281411,kevind@qsrwendys.com#mailto:kevind@qsrwendys.com,200 Bay Street,Suite 3204 Box 106,Toronto,ON,M5J2J1,,Wendy's Site 06652 Orangeville - ON,100 Fifth Ave,,Orangeville,ON,L9W5E8,,
Recipe Unlimited Corporation,122873,11/4/2023,JS,9057602244,ttorres@recipeunlimited.com#mailto:ttorres@recipeunlimited.com,199 Four Valley Dr,,Vaughan,ON,L4K0B8,,NEW YORK FRIES,Roosevelt Field,,Garden City,NY,,,
Recipe Unlimited Corporation,123358,11/30/2023,JS,9057602244,ttorres@recipeunlimited.com#mailto:ttorres@recipeunlimited.com,199 Four Valley Dr,,Vaughan,ON,L4K0B8,,NEW YORK FRIES,Roosevelt Field,,Garden City,NY,,,
"Rensko Holdings, LLC",123200,12/18/2023,JS,6143255411,jfrancis@renskoholdings.com#mailto:jfrancis@renskoholdings.com,294 McNair Rd,,Buffalo,NY,14221,,Tim Hortons 915750 Columbus,4451 Roberts Rd,,Columbus,OH,,,
"Rent Three High, Inc.",121677,12/1/2023,TS,8179375860,Leslie.Ohara@wendys.com#mailto:Leslie.Ohara@wendys.com,2131 Green Oak Dr.,,Kingwood,TX,77339,,"Wendy's site 02246 Conroe, TX",1109 League Line Rd.,,Conroe,TX,77303,Store Manager,
Roderick Sign Co.,118191-7,12/7/2023,TS,8162327005,scott@rodericksigns.com#mailto:scott@rodericksigns.com,1621 Frederick Ave,,St. Joseph,MO,64501,,"Roderick Sign Co. WEN 13298 St Joseph, MO",1621 Frederick Ave,,St. Joseph,MO,64501,,8162327005
ROMANELLI & HUGHES,123074,1/5/2024,ER,6148912042,johlin@rh-homes.com#mailto:johlin@rh-homes.com,148 W. Schrock Road,,Westerville,OH,43081,6148912045,Terra Alta,475 Terra Alta Dr.,,Delaware,OH,43015,,
ROMANELLI & HUGHES,123305,12/8/2023,ER,6148912042,,148 W. Schrock Road,,Westerville,OH,43081,6148912045,ROMANELLI & HUGHES_The Grove,5339 Cloverleaf Lane,,Westerville,OH,43082,,
signart,122542-1,12/7/2023,TS,3513571129,rsherlock@signartusa.com#mailto:rsherlock@signartusa.com,2170 Dodd Road,,Mendota Heights,MN,55120,,signart Wendy's site 03581 Brainerd MN,2170 Dodd Road,,Mendota Heights,MN,55120,,3513571129
Southeast Restaurant Group,116382-1,11/28/2023,TS,3524457770,gpotter@southeastrestaurantgroup.com#mailto:gpotter@southeastrestaurantgroup.com,1201 Canal St,Unit C-2,New Orleans,LA,70112,,"Wendy's Site 09993 Palm Coast, FL",440 Palm Coast Pkwy SW,,Palm Coast,FL,32137,,
Southeast Restaurant Group,123254,2/16/2024,TS,3524457770,gpotter@southeastrestaurantgroup.com#mailto:gpotter@southeastrestaurantgroup.com,1201 Canal St,Unit C-2,New Orleans,LA,70112,,"Wendy's site 14066 Williston, FL",630 W Noble Ave,,Williston,FL,32696,Store Manager,
Spark,83301-1,11/6/2023,TS,6145701132,myong.hunkins@sparkhou.com#mailto:myong.hunkins@sparkhou.com,10355 Centrepark Dr.,Suite 180,Houston,TX,77043,,"Wendy's site 00011 Dayton, OH",3420 Salem Ave,,Dayton,OH,45406,Store Manager,
SRRG Restaurants LLC,118639,1/8/2024,TS,8179375860,Leslie.Ohara@wendys.com#mailto:Leslie.Ohara@wendys.com,4201 Spring Valley Rd,STE 450,Dallas,TX,75244,,"Wendy's Site 13324 Azel, TX",700 Boyd Rd.,,Azle,TX,76020,Store Manager,
Starboard Group,114248-2,11/23/2023,TS,9546375443,ksteers@starboardwendys.com#mailto:ksteers@starboardwendys.com,12540 West Atlantic Blvd.,,Coral Springs,FL,33071,9542552299,"Wendy's Site 00202 Tampa, FL Hurricane Damage",8330 N Florida Ave,,Tampa,FL,33604,Store Manager,
Starboard Group,118081,12/25/2023,TS,6106358894,iharrison@starboardwendys.com#mailto:iharrison@starboardwendys.com,12540 West Atlantic Blvd.,,Coral Springs,FL,33071,9542552299,"Wendy's Site 07391 Sunrise, FL",9960 West Oakland Park Blvd,,Sunrise,FL,33351,Store Manager,
Starboard Group,118081-1,12/25/2023,TS,6106358894,iharrison@starboardwendys.com#mailto:iharrison@starboardwendys.com,12540 West Atlantic Blvd.,,Coral Springs,FL,33071,9542552299,"Wendy's Site 07391 Sunrise, FL",9960 West Oakland Park Blvd,,Sunrise,FL,33351,,
Starboard Group,118342,12/25/2023,TS,6106358894,iharrison@starboardwendys.com#mailto:iharrison@starboardwendys.com,12540 West Atlantic Blvd.,,Coral Springs,FL,33071,9542552299,Wendy's Site 00495 Tampa - FL,1501 E. Hillsborough Ave,,Tampa,FL,33610,Store Manager,
Starboard Group,118345,12/25/2023,TS,6106358894,iharrison@starboardwendys.com#mailto:iharrison@starboardwendys.com,12540 West Atlantic Blvd.,,Coral Springs,FL,33071,9542552299,"Wendy's Site 07705 Tampa, FL",1615 West Kennedy Blvd,,Tampa,FL,33606,Store Manager,
Starboard Group,118347,12/25/2023,TS,6106358894,iharrison@starboardwendys.com#mailto:iharrison@starboardwendys.com,12540 West Atlantic Blvd.,,Coral Springs,FL,33071,9542552299,"Wendy's Site #02011 Deerfield Beach, FL",1197 S. Military Trail,,Deerfield Beach,FL,33442,,9544286111
Starboard Group,118350,12/25/2023,TS,6106358894,iharrison@starboardwendys.com#mailto:iharrison@starboardwendys.com,12540 West Atlantic Blvd.,,Coral Springs,FL,33071,9542552299,"Wendy's Site 08483 Tuscaloosa, AL",4422 Old Birmingham Hwy,,Tuscaloosa,AL,35404,Store Manager,
Starboard Group,118356,12/25/2023,TS,6106358894,iharrison@starboardwendys.com#mailto:iharrison@starboardwendys.com,12540 West Atlantic Blvd.,,Coral Springs,FL,33071,9542552299,"WEN #01741 Melbourne, FL",2650 W. New Haven Ave.,,Melbourne,FL,32904,,3217273237
Starboard Group,118366,12/25/2023,TS,6106358894,iharrison@starboardwendys.com#mailto:iharrison@starboardwendys.com,12540 West Atlantic Blvd.,,Coral Springs,FL,33071,9542552299,"WEN #08558 Cape Canaveral, FL",8440 Astronaut Blvd.,,Cape Canaveral,FL,32920,,3217848557
Starboard Group,119321-2,12/25/2023,TS,6106358894,iharrison@starboardwendys.com#mailto:iharrison@starboardwendys.com,12540 West Atlantic Blvd.,,Coral Springs,FL,33071,9542552299,"WEN #08452 Rockledge, FL",648 Barnes Blvd,,Rockledge,FL,32955,,3216335667
The Rawson Group,122701,12/1/2023,TS,6099242262,richmorgan1959@aol.com#mailto:richmorgan1959@aol.com,58 E. Main Street Suite 4,,Somerville,NJ,08876,6099240184,"North Shore Neon WEN 13472 Staten Island, NY",295 Skidmore Road,,Deer Park,NY,11729,,
"Tim Hortons dba 7860 Transit Rd., Inc.",123383,1/2/2024,JS,7168535797,bbavisoto@topsmarkets.com#mailto:bbavisoto@topsmarkets.com,460 Niagara St.,,Buffalo,NY,14201,,Tim Hortons Broadway & Bowen,Broadway & Bowen,,Lancaster,NY,,,
Van West Partners,122392,11/30/2023,ER,7206470027,laura@vanwestpartners.com#mailto:laura@vanwestpartners.com,1830 South Bannock Street,Suite 200,Denver,CO,80223,,Van West Partners,622 W Allison Rd,,Cheyenne,WY,82007,,7205133757
Van West Partners,122539,11/10/2023,ER,7206470027,laura@vanwestpartners.com#mailto:laura@vanwestpartners.com,1830 South Bannock Street,Suite 200,Denver,CO,80223,,Van West Partners,407 E Fox Farm Rd,,Cheyenne,WY,82007,,7205133757
Walmart DC6024,123211,11/12/2023,ER,6148712333,anna.gibb@walmart.com#mailto:anna.gibb@walmart.com,3880 Southwest Blvd,,Grove City,OH,43123,,Walmart DC6024,3880 Southwest Blvd,,Grove City,OH,43123,,6148712333
Wasserstrom Co.,123386,12/25/2023,TS,6147378147,,4500 E. Broad St,,Columbus,OH,43213,6142288776,Wasserstrom Co.,4500 E. Broad St,,Columbus,OH,43213,,6142286525
WEN JAI Restaurant Group,120652,1/19/2024,TS,6023273845,Mike.Crawley@wendys.com#mailto:Mike.Crawley@wendys.com,1100 Park Central Blvd S,Suite 3300,Pompano Beach,FL,33064,,Wendy's Site 08045,825 N Zaragoza Rd,,El Paso,TX,79907,Store Manager,
"Wenco of Indiana, LLC",115454-2,12/15/2023,TS,5672173734,JJackson@wenco-corp.com#mailto:JJackson@wenco-corp.com,400 Claremont Ave.,,Ashland,OH,44805,,"Wendy's Site 07587 Fort Wayne, IN",1610 Northland Blvd,,Fort Wayne,IN,46825,,
WENCO Restaurant Group,123030,12/1/2023,TS,1234567890,eddie@wennorth.com#mailto:eddie@wennorth.com,4030 NE 30th Ave.,,Lighthouse Point,FL,33064,,"Wendy's site 08963 North Palm Beach, FL",320 Northlake Blvd,,North Palm Beach,FL,33408,Store Manager,
"Wendy's International, LLC",121082,12/15/2023,TS,6154852975,clay.watkins@wendys.com#mailto:clay.watkins@wendys.com,One Dave Thomas Blvd.,PO Box 256,Dublin,OH,43017,,"Wendy's site 14023 New Albany, OH",9920 Johnstown Rd.,,New Albany,OH,43054,Store Manager,
"Wendy's International, LLC",121082-1,12/15/2023,TS,6154852975,clay.watkins@wendys.com#mailto:clay.watkins@wendys.com,One Dave Thomas Blvd.,PO Box 256,Dublin,OH,43017,,"Wendy's site 14023 New Albany, OH",9920 Johnstown Rd.,,New Albany,OH,43054,Store Manager,
"Wendy's International, LLC",121082-2,12/15/2023,TS,6154852975,clay.watkins@wendys.com#mailto:clay.watkins@wendys.com,One Dave Thomas Blvd.,PO Box 256,Dublin,OH,43017,,"Wendy's site 14023 New Albany, OH",9920 Johnstown Rd.,,New Albany,OH,43054,Store Manager,
"Wendy's International, LLC",122425,1/12/2024,TS,6303055574,,One Dave Thomas Blvd.,PO Box 256,Dublin,OH,43017,,"Wendy's Site 08445 North Miami Beach, FL",1856 N.E. Miami Gardens Dr.,,North Miami Beach,FL,33179,,
"Wendy's International, LLC",122510,12/1/2023,TS,6023273845,Mike.Crawley@wendys.com#mailto:Mike.Crawley@wendys.com,One Dave Thomas Blvd.,PO Box 256,Dublin,OH,43017,,"Wendy's site 11190 Aurora, CO",15297 E. Mississippi Ave,,Aurora,CO,80012,Store Manager,
"Wendy's International, LLC",122687,12/22/2023,TS,6154852975,clay.watkins@wendys.com#mailto:clay.watkins@wendys.com,One Dave Thomas Blvd.,PO Box 256,Dublin,OH,43017,,"Wendy's site 01757 New Smyrna Beach, FL",1608 S Dixie Fwy,,New Smyrna Beach,FL,32168,Store Manager,
"Wendy's International, LLC",122772,12/15/2023,TS,6154852975,clay.watkins@wendys.com#mailto:clay.watkins@wendys.com,One Dave Thomas Blvd.,PO Box 256,Dublin,OH,43017,,Wendy's site 09008 Pembroke Park - FL,3950 Pembroke Rd,,Pembroke Park,FL,33021,Store Manager,
"Wendy's International, LLC",122773,11/10/2023,TS,6154852975,clay.watkins@wendys.com#mailto:clay.watkins@wendys.com,One Dave Thomas Blvd.,PO Box 256,Dublin,OH,43017,,"Wendy's site 07962 Hialeah, FL",555 Hialeah Dr.,,Hialeah,FL,33010,Store Manager,
"Wendy's International, LLC",123068,4/5/2024,TS,6304293863,Mat.Knupp@wendys.com#mailto:Mat.Knupp@wendys.com,One Dave Thomas Blvd.,PO Box 256,Dublin,OH,43017,,"Wendy's site 13407 Orlando, FL",11112 Dowden Rd.,,Orlando,FL,32832,Store Manager,
"Wendy's International, LLC",123301,2/2/2024,TS,5129091657,Charlene.May@wendys.com#mailto:Charlene.May@wendys.com,One Dave Thomas Blvd.,PO Box 256,Dublin,OH,43017,,"Wendy's site 10557 Hollywood, FL",2550 Pine Island Rd.,,Hollywood,FL,33024,Store Manager,
"Wendy's International, LLC",123352,1/26/2024,TS,4695433557,Chioma.Okafor@wendys.com#mailto:Chioma.Okafor@wendys.com,One Dave Thomas Blvd.,PO Box 256,Dublin,OH,43017,,"Wendy's site 09390 Miami, FL",9655 West Flagler,,Miami,FL,33174,Store Manager,
"Wendy's International, LLC",123354,2/2/2024,TS,6303055574,Chioma.Okafor@wendys.com#mailto:Chioma.Okafor@wendys.com,One Dave Thomas Blvd.,PO Box 256,Dublin,OH,43017,,Wendy's Site 02339 Miami - FL,6720 SW 8th St.,,Miami,FL,33144,Store Manager,
"Wendy's International, LLC",90190-1,12/18/2023,TS,6303055574,Ibenia.Carbajal@wendys.com#mailto:Ibenia.Carbajal@wendys.com,One Dave Thomas Blvd.,PO Box 256,Dublin,OH,43017,,"Wendy's site 08590 Wauchula, FL",1440 North US 17,,Wauchula,FL,33873,Store Manager,
Wendy's of Bloomington,122429,3/15/2024,TS,8123613430,acarter@empire4.com#mailto:acarter@empire4.com,3900 E. Industrial Dr,Suite #3,Bloomington,IN,47404,.,"Wendy's site 13701 Columbus, IN",2981 N National Rd.,,Columbus,IN,47201,Store Manager,
Wendy's of Bloomington,122429-1,3/15/2024,TS,8123613430,acarter@empire4.com#mailto:acarter@empire4.com,3900 E. Industrial Dr,Suite #3,Bloomington,IN,47404,.,"Wendy's site 13701 Columbus, IN",2981 N National Rd.,,Columbus,IN,47201,,
Wendy's of Bloomington,123255,12/8/2023,TS,6306966417,Jeff.Gylling@wendys.com#mailto:Jeff.Gylling@wendys.com,3900 E. Industrial Dr,Suite #3,Bloomington,IN,47404,.,"Wendy's site 11264 Columbus, IN",1915 W Jonathan Moore Pike,,Columbus,IN,47201,Store Manager,
Wendy's of Bloomington,123255-1,12/8/2023,TS,6306966417,,3900 E. Industrial Dr,Suite #3,Bloomington,IN,47404,.,"Wendy's site 11264 Columbus, IN",1915 W Jonathan Moore Pike,,Columbus,IN,47201,,
"Wendy's of Bloomington, Inc.",113975-3,11/29/2023,TS,8123393639,jmills@empire4.com#mailto:jmills@empire4.com,3900 Industrial Blvd. Ste 3,PO BOX 1289,Bloomington,IN,47403,,"Wendy's Site 08771 Paris, IL",15305 US-150,,Paris,IL,61944,,
"Wendy's of Bloomington, Inc.",122805,12/15/2023,TS,8123613430,acarter@empire4.com#mailto:acarter@empire4.com,3900 Industrial Blvd. Ste 3,PO BOX 1289,Bloomington,IN,47403,,"Wendy's site 13757 West Frankfort, IL",231 West Main St.,,West Frankfort,IL,62896,Store Manager,
"Wendy's of Bloomington, Inc.",122805-1,12/15/2023,TS,8123613430,acarter@empire4.com#mailto:acarter@empire4.com,3900 Industrial Blvd. Ste 3,PO BOX 1289,Bloomington,IN,47403,,"Wendy's site 13757 West Frankfort, IL",231 West Main St.,,West Frankfort,IL,62896,,
"Wendy's of Bloomington, Inc.",123373,1/5/2024,TS,8123613430,acarter@empire4.com#mailto:acarter@empire4.com,,PO BOX 1289,Bloomington,IN,47402,,"Wendy's site 08109 Spencer, IN",280 W. State Hwy 46,,Spencer,IN,47460,Store Manager,
"Wendy's of Bloomington, Inc.",123373-1,1/5/2024,TS,8123613430,acarter@empire4.com#mailto:acarter@empire4.com,,PO BOX 1289,Bloomington,IN,47402,,"Wendy's site 08109 Spencer, IN",280 W. State Hwy 46,,Spencer,IN,47460,,
"Wendy's of the Pacific, Inc.",76059-1,11/9/2023,TS,2095776690,Steve_Lopez@wendpac.com#mailto:Steve_Lopez@wendpac.com,1308 Kansas Ave. Suite 6,.,Modesto,CA,95351,2095243217,"Wendy's Site #04013 Yuba City, CA",1301 Bridge Street,,Yuba City,CA,95991,,
"Wendy's of the Pacific, Inc.",95617-1,11/22/2023,TS,6615499229,victor_serrano@wendpac.com#mailto:victor_serrano@wendpac.com,1308 Kansas Ave. Suite 6,.,Modesto,CA,95351,2095243217,Wendy's Site #08073,4650 Gosford Road,,Bakersfield,CA,93313,,6613980750
Wendy's Site 06705,123346,12/13/2023,TS,9028304819,b_delaney@ns.sympatico.ca#mailto:b_delaney@ns.sympatico.ca,6169 Quinpool Rd.,,Halifax,NS,B3L4P6,,Wendy's Site 06705,6169 Quinpool Rd.,,Halifax,NS,B3L4P6,Store Manager,9028304819
Wengaro Inc.,122012-1,11/14/2023,TS,6478690751,amin_ankit@hotmail.com#mailto:amin_ankit@hotmail.com,58 Foley Court,,Saint John,NB,E2J2S6,,"Wendy's site 06727 Saint John, NB",159 Mcallister Drive,,Saint John,NB,E2J2S6,Store Manager,
"WenRiver Mgt., Inc",106508-2,12/1/2023,TS,2164967245,jwillse@wentriver-mgt.com#mailto:jwillse@wentriver-mgt.com,430 Avon Belden Road,,Avon lake,OH,44012,,"Wendy's Site 05396 Mansfield, OH",1372 Lexington Ave,,Mansfield,OH,44907,Store Manager,
WKS Frosty Corp,119333,12/22/2023,TS,5625195202,jim.donati@clockworkgc.com#mailto:jim.donati@clockworkgc.com,5856 Corporate Ave,Suite 200,Cypress,CA,90630,,"Wendy's Site 13631 Evansville, IN",12821 US 41 N,,Evansville,IN,47725,Store Manager,
WTC Ventures,122758,1/2/2024,TS,7204703668,dbrubaker@wtcventures.com#mailto:dbrubaker@wtcventures.com,7135 Charlotte Pike,Suite 100,Nashville,TN,37209,,"Wendy's site 13863 Bonney Lake, WA",19012 141st Street Court East,,Bonney Lake,WA,98391,Store Manager,
Yellow Cab Holdings,121186,12/15/2023,TS,6104013052,kf@yellowcabholdings.com#mailto:kf@yellowcabholdings.com,1209 ORANGE ST,,Wilmington,DE,19801,,"Wendy's site 13340 Egg Harbor City, NJ",269 W. White Horse Pike,,Egg Harbor City,NJ,08215,Store Manager,
Yellow Cab Holdings,121701-1,11/13/2023,TS,8288382934,19117selinsgrove@ychwendys.com#mailto:19117selinsgrove@ychwendys.com#,1209 ORANGE ST,,Wilmington,DE,19801,,"Wendy's site 03323 Hummels Wharf, PA",1434 N Susquehanna Trail,,Hummels Wharf,PA,17831,Store Manager,
Yellow Cab Holdings,123251,12/6/2023,TS,6104013052,kf@yellowcabholdings.com#mailto:kf@yellowcabholdings.com,1209 ORANGE ST,,Wilmington,DE,19801,,"Wendy's site 13793 Lancaster, PA",2001 State Rd,,Lancaster,PA,17601,Store Manager,
Yellow Cab Holdings,123284,11/27/2023,TS,6104013052,kf@yellowcabholdings.com#mailto:kf@yellowcabholdings.com,1209 ORANGE ST,,Wilmington,DE,19801,,"Wendy's site 01306 Bronx, NY",2703 E. Tremont Ave,,Bronx,NY,10461,Store Manager,
Yellow Cab Holdings,123328,12/19/2023,TS,6104013052,,1209 ORANGE ST,,Wilmington,DE,19801,,Wendy's Site 09545 Harrisburg - PA,3887 Union Deposit Rd,,Harrisburg,PA,17109,Store Manager,
YESCO Denver Division,108734-1,12/20/2023,TS,9702896044,swidder@yesco.com#mailto:swidder@yesco.com,11220 E 53rd Ave,Suite #300,Denver,CO,80239,3033759111,"YESCO Denver Division Wendy's site 08803 La Junta, CO",11220 E 53rd Ave,Suite #300,Denver,CO,80239,Store Manager,9702896044
Yesco National Service,123069-war,11/28/2023,TS,7028768085,,5119 South Cameron Street,,Las Vegas,NV,89118,7028763421,Yesco National Service/Ferguson,5119 South Cameron Street,,Las Vegas,NV,89118,,7028768085
Yesco National Service,123191,11/20/2023,TS,7028768085,,5119 South Cameron Street,,Las Vegas,NV,89118,7028763421,Yesco/Panda Express,1605 Gramercy Rd,,Salt Lake City,UT,84104,,
Yesco National Service,123300,12/9/2023,TS,7028768085,jshockley@yesco.com#mailto:jshockley@yesco.com,5119 South Cameron Street,,Las Vegas,NV,89118,7028763421,"Rainbow South/Ferguson Jackson, MS",337 Hwy 80 W,,Jackson,MS,39201,,
