custName,InvcNum,DueDate,Rep1Id,CustPhone,Email,Addr1,Addr2,City,Region,PostalCode,CustFax,ShipToName,ShipToAddr1,ShipToAddr2,ShipToCity,ShipToRegion,ShipToPostalCode,ShipToContact,ShipPhone
1572592 Alberta LTD,122685,10/13/2023,TS,4165530673,,3805 MacNeil Heath,,Edmonton,AB,T6R0H5,,"Wendy's 06816 Stony Plain, AB",3007 43rd Ave,,Stony Plain,AB,T7Z1M5,Store Manager,
1931309 Ontario Inc.,122055,10/12/2023,TS,7052670314,kathryn@compassrestaurants.com#mailto:kathryn@compassrestaurants.com,230 Cedar St. S.,,Timmons,ON,P4N2H1,,"Wendy's site 06147 Welland, ON",95 Lincoln St,,Welland,ON,L3C7C3,Store Manager,
"A.E. WEN Enterprises, Inc.",122278,10/5/2023,TS,9052646672,peter@sparkleventures.com#mailto:peter@sparkleventures.com,27 Roytec Road,Unit 7C,Vaughn,ON,L4L8E3,,Wendy's Site 06190,1200 King St West,,Toronto,ON,M6K1G4,Store Manager,
Amaash Corporation,122366,8/11/2023,TS,4088437303,jose@amaashcorp.com#mailto:jose@amaashcorp.com,1106 Germano Way,,Pleasanton,CA,94566,,Amaash Corporation,1106 Germano Way,,Pleasanton,CA,94566,,9258461005
A-O-K Maintenance Inc.,122670,9/14/2023,TS,5137726161,aok@aokmaintenance.com#mailto:aok@aokmaintenance.com,492 West Sharon Road,,Cincinnati,OH,45246,5137721624,A-O-K Maintenance Inc.,492 West Sharon Road,,Cincinnati,OH,45246,,5137726161
"Black Star Management, ULC",119181,9/15/2023,TS,5193184142,Michael@wendys1.com#mailto:Michael@wendys1.com,317 Wesley Street,,Rochester,MI,48307,,"Wendy's Site 06023 Strathroy, ON",28610 Centre Rd,,Strathroy,ON,N7G3H6,Store Manager,
Bon Jour Café,122320,8/21/2023,JD,6143234161,bonjourcafeusa@gmail.com#mailto:bonjourcafeusa@gmail.com,330 S. High St.,,Columbus,OH,43215,,Bon Jour Café,1450 Polaris Pkwy,,Columbus,OH,43240,,6143234161
Buckeye Poured Walls,122606,8/16/2023,SHOWROOM,6147747100,,P.O. BOX 21232,.,Columbus,OH,43221,.,"Truck Pro Enterprises, Inc",7777 Cimarron Rd,.,Mt. Perry,OH,43760,Joey Chambers,
"Carolina Restaurant Group, Inc.",122424,8/28/2023,TS,7049401509,kmarsh@classicburgers.com#mailto:kmarsh@classicburgers.com,"8040 Arrowridge Blvd., Ste 200",,Charlotte,NC,28273,7045252081,"Wendy's site 14042 Orangeburg, SC",Five Chop Rd,,Orangeburg,SC,29115,Store Manager,
CLM Midwest,122489,8/28/2023,TS,7088512623,mphifer@clmmidwest.com#mailto:mphifer@clmmidwest.com,2655 Erie St,,River Grove,IL,60171,7344146002,"CVS # 4309 Cuyahoga Falls, OH",1711 State Rd,,Cuyahoga Falls,OH,44223,,3309294203
CLM Midwest,122692,9/18/2023,TS,7086070022,ssacco@clmmidwest.com#mailto:ssacco@clmmidwest.com,2655 Erie St,,River Grove,IL,60171,7344146002,CVS 4445 Fort Shawnee - OH,2620 Breese Road,,Fort Shawnee,OH,45806,Store Manager,4199910010
Coldwell Banker,122732,8/25/2023,ONLINE,5136588478,Meg.perez@cbrealty.com,6123 Madison Rd,Unit A,CINCINNATI,Ohio,45227,,- Meg Perez,6123 Madison Rd,Unit A,CINCINNATI,OH,45227,,
Coldwell Banker Realty,122478,8/25/2023,JP,6148800808,,,,Columbus,OH,43221,,Coldwell Banker Realty,8800 Lyra Dr. Ste. 600,,Columbus,OH,43240,Sarah Tolson,6148800808
ComFab,122079,8/6/2023,TS,7408571107,a.stonerock@comfab-inc.com#mailto:a.stonerock@comfab-inc.com,3200 Valleyview Drive,,Columbus,OH,43204,7408571757,COM FAB/RTA,3200 Valleyview Drive,,Columbus,Oh,43204,,7408571107
ComFab,122220,8/21/2023,TS,7408571107,,3200 Valleyview Drive,,Columbus,OH,43204,7408571757,COM FAB/RTA,3200 Valleyview Drive,,Columbus,Oh,43204,,7408571107
ComFab,122280,8/29/2023,TS,7408571107,,3200 Valleyview Drive,,Columbus,OH,43204,7408571757,COM FAB/RTA,3200 Valleyview Drive,,Columbus,Oh,43204,,7408571107
ComFab,122281,8/29/2023,TS,7408571107,,3200 Valleyview Drive,,Columbus,OH,43204,7408571757,COM FAB/RTA,3200 Valleyview Drive,,Columbus,Oh,43204,,7408571107
ComFab,122364,9/12/2023,TS,7408571107,a.stonerock@comfab-inc.com#mailto:a.stonerock@comfab-inc.com,3200 Valleyview Drive,,Columbus,OH,43204,7408571757,COM FAB/RTA,3200 Valleyview Drive,,Columbus,Oh,43204,,7408571107
ComFab,122622,10/10/2023,TS,7408571107,,3200 Valleyview Drive,,Columbus,OH,43204,7408571757,COM FAB/RTA,3200 Valleyview Drive,,Columbus,Oh,43204,,7408571107
Corporate Building Svc Inc,122399,8/16/2023,TS,8452785858,rhaight@corporatebuilding.com#mailto:rhaight@corporatebuilding.com,2022 Route 22,,Brewster,NY,10509,,"CVS 2494 Mt. Joy, PA",525 West Main St.,,Mt. Joy,PA,17552,Store Manager,6142762651
Corporate Building Svc Inc,122400,8/16/2023,TS,8452785858,rhaight@corporatebuilding.com#mailto:rhaight@corporatebuilding.com,2022 Route 22,,Brewster,NY,10509,,Corporate Building Svc Inc,2022 Route 22,,Brewster,NY,10509,,8452785858
Corporate Building Svc Inc,122651,9/13/2023,TS,8452785858,rhaight@corporatebuilding.com#mailto:rhaight@corporatebuilding.com,2022 Route 22,,Brewster,NY,10509,,"CVS Store 0461 Allentown, PA",3020 Tilghman St.,,Allentown,PA,18104,Store Manager,6107766551
Corporate Building Svc Inc,122735,9/21/2023,TS,8452785858,rhaight@corporatebuilding.com#mailto:rhaight@corporatebuilding.com,2022 Route 22,,Brewster,NY,10509,,Corporate Building Svc Inc,2022 Route 22,,Brewster,NY,10509,Robert Haight,8452785858
CPW Ventures Oromocto Inc.,122705,11/14/2023,TS,5068974790,wk479@hotmail.com#mailto:wk479@hotmail.com,3 Homestead Drive,,Fredericton,NB,,,"Wendy's site 06717 Oromocto, NB",20 Commerce Dr,,Oromocto,NB,E2V0B9,Store Manager,
CUSTOM SIGN CENTER,122595,10/8/2023,HS,0000,,3200 VALLEYVIEW DRIVE,,Columbus,OH,43204,,CUSTOM SIGN CENTER,3200 VALLEYVIEW DRIVE,,Columbus,OH,43204,,6142796700
Darby Creek Nursery,122666,8/28/2023,SHOWROOM,6147710388,jturnbull@darbycreeknursery.net#mailto:jturnbull@darbycreeknursery.net,9050 Amity Pike Rd,,Plain City,OH,43064,,Darby Creek Nursery,9050 Amity Pike Rd,,Plain City,OH,43064,,6147710388
Delight Restaurant Group,122244,9/6/2023,TS,7577650295,jlevatich@delightrg.com#mailto:jlevatich@delightrg.com,PO Box 780761,,Wichita,KS,67278,,"Wendy's site 08799 Durham, NC",1808 S. Miami Blvd.,,Durham,NC,27703,Store Manager,
Delight Restaurant Group,122544,9/1/2023,TS,7572667786,,PO Box 780761,,Wichita,KS,67278,,Paula VanEeckhoute (Residence),5018 Kelso St,,Suffolk,VA,23435,,
Delight Restaurant Group,122583,9/8/2023,TS,7577650295,jlevatich@delightrg.com#mailto:jlevatich@delightrg.com,PO Box 780761,,Wichita,KS,67278,,"Wendy's site 02466 Merrick, NY",1728 Merrick Rd,,Merrick,NY,11566,Store Manager,
Delight Restaurant Group,122593,9/1/2023,TS,7577650295,jlevatich@delightrg.com#mailto:jlevatich@delightrg.com,PO Box 780761,,Wichita,KS,67278,,"Wendy's site 09757 Louisburg, NC",328 S. Bickett Blvd.,,Louisburg,NC,27549,,
Delight Restaurant Group,122717,9/20/2023,TS,2526390007,jphillips@delightrg.com#mailto:jphillips@delightrg.com,PO Box 780761,,Wichita,KS,67278,,"Wendy's site 09595 Wilson, NC",2815 Raleigh Road Parkway W,,Wilson,NC,27896,Jim Phillips,2526390007
Delight Restaurant Group,88125-1,8/24/2023,TS,7572667786,rjennings@delightrg.com#mailto:rjennings@delightrg.com,PO Box 780761,,Wichita,KS,67278,,"Wendy's 10543 Holly Springs, NC",181 Grand Hill Place,,Holly Springs,NC,27540,,
Delight Restaurant Group,92608-1,9/7/2023,TS,7577650295,jlevatich@delightrg.com#mailto:jlevatich@delightrg.com,PO Box 780761,,Wichita,KS,67278,,"Wendy's site 02469 Glen Cove, NY",210 Glen St.,,Glen Cove,NY,11542,Store Manager,
Desert Tortoise Council,122693,8/31/2023,ONLINE,7142225932,maridogs@pacbell.net,PO Box 504,-,Ribera,New Mexico,87560,,Desert Tortoise Council Anna Quillman,PO Box 504,-,Ribera,NM,87560,,
Eagles Landing Travel Centers,121195-4,9/21/2023,TS,8658508977,scott@eagleslandingmgmt.com#mailto:scott@eagleslandingmgmt.com,720 S River Road Ste A-105,,St. George,UT,84790,,"Wendy's site 13716 Avoca, IA",7005 N. Chestnut St.,,Avoca,IA,51521,Store Manager,
Eagles Landing Travel Centers,122638,11/15/2023,TS,8658508977,scott@eagleslandingmgmt.com#mailto:scott@eagleslandingmgmt.com,720 S River Road Ste A-105,,St. George,UT,84790,,"Wendy's site 14107 Scipio, UT",810 N 800 W,,Scipio,UT,84656,Store Manager,
Epcon Communities,122215,8/21/2023,JD,6147611010,,500 Stonehenge Parkway,,Dublin,OH,43017,,The Courtyards on Hyland Run,Hyland Croy Rd,,Dublin,OH,,,
Epcon Communities,122217,8/21/2023,JD,6147611010,,500 Stonehenge Parkway,,Dublin,OH,43017,,The Courtyard at Carr Farms,Leppert Rd,,Hilliard,OH,43016,,
Epcon Communities,122218,8/21/2023,JD,6147611010,,500 Stonehenge Parkway,,Dublin,OH,43017,,The Courtyard at Carr Farms,Leppert Rd,,Hilliard,OH,43016,,
Epcon Communities,122230,8/22/2023,JD,6147611010,,500 Stonehenge Parkway,,Dublin,OH,43017,,The Courtyards at River Bluff,South Section Line Rd.,Concord Township,Delaware,OH,,,
Epcon Communities,122232,9/8/2023,JD,6147611010,,500 Stonehenge Parkway,,Dublin,OH,43017,,"The Courtyards on Hyatts Powell, OH",Korg Way/Gretsch Street,Liberty Township,Powell,OH,43065,,
Epcon Communities,122308,8/29/2023,ER,6147611010,delder@epconcommunities.com#mailto:delder@epconcommunities.com,500 Stonehenge Parkway,,Dublin,OH,43017,,The Courtyard at Carr Farms,Leppert Rd,,Hilliard,OH,43016,,
Epcon Communities,122517,8/11/2023,ER,6147611010,,500 Stonehenge Parkway,,Dublin,OH,43017,,The Courtyards at The Beulah Park,3714 Quarter Pole Lane,,Grove City,OH,43123,Angie Bronowski,
Epcon Communities,122569,8/15/2023,ER,6147611010,EBarritt@epconcommunities.com#mailto:EBarritt@epconcommunities.com,500 Stonehenge Parkway,,Dublin,OH,43017,,The Courtyard at Carr Farms,5755 Arcadian Ave.,,Hilliard,OH,43026,Jeremy VanMeter,
"Everbrite, LLC",114446-3,9/6/2023,TS,4145950897,jlange@everbrite.com#mailto:jlange@everbrite.com,315 Marion Avenue,,South Milwaukee,WI,53172,,"Wendy's site 03470 Great Falls, MT",806 10th Ave S,,Great Falls,MT,594052154,Jonna Jones,
"Everbrite, LLC",122093,8/11/2023,TS,4147685445,MDavenport@everbrite.com#mailto:MDavenport@everbrite.com,315 Marion Avenue,,South Milwaukee,WI,53172,,"A-Max Sign Company Inc WEN 14041 Coffeyville, KS",9520 East 55th Place,,Tulsa,OK,74145,Seth Curry,9186220651
"Everbrite, LLC",122213,8/4/2023,TS,6084291648,sstaupe@everbrite.com#mailto:sstaupe@everbrite.com,401 S. Main St.,,Pardeeville,WI,53954,8147867944,Fluoresco Services - LA,2778 Pomona Blvd,,Pomona,CA,91768,,
"Everbrite, LLC",122297-1,8/1/2023,TS,4147685445,,315 Marion Avenue,,South Milwaukee,WI,53172,,"Empire Sign and Crane WEN 08982 Hemet, CA",22816 Cove View St,,Canyon Lake,CA,92587,Store Manager,
"Everbrite, LLC",122330-2,9/21/2023,TS,4147685445,MDavenport@everbrite.com#mailto:MDavenport@everbrite.com,315 Marion Avenue,,South Milwaukee,WI,53172,,"Fluoresco Services - LA WEN 09320 Rancho Mirage, CA",2778 Pomona Blvd,,Pomona,CA,91768,Lyndsee Veltre,9095920870
"Everbrite, LLC",122524,10/1/2023,TS,4147685445,MDavenport@everbrite.com#mailto:MDavenport@everbrite.com,315 Marion Avenue,,South Milwaukee,WI,53172,,"Fluoresco Services - LA WEN 09413 Ontario, CA",2778 Pomona Blvd,,Pomona,CA,91768,Lyndsee Veltre,9095920870
"Everbrite, LLC",122621,9/8/2023,TS,4147685445,MDavenport@everbrite.com#mailto:MDavenport@everbrite.com,315 Marion Avenue,,South Milwaukee,WI,53172,,"Wendy's site 00177 Tulsa, OK",3341 E 31st St,,Tulsa,OK,741351502,Jorge Gato,9497500092
"Excutive Office Group, LLC",110775,12/22/2023,CLF,6144329021,,2682 Cleveland Ave,,Columbus,OH,43211,,"Excutive Office Group, LLC",2682 Cleveland Ave,,Columbus,OH,43211,,6144329021
"Fifer & Associates, Inc",122619,8/18/2023,JS,9018002003,charles.fifer@bellsouth.net#mailto:charles.fifer@bellsouth.net,6423 Summer Gale,,Memphis,TN,38134,,Kiddie Academy of Collierville TN,112 Crescent Dr,,Collierville,TN,38017,,
G.C. WEN Management Corp.,111155-3,8/28/2023,TS,3158497160,tluman@gcwen.com#mailto:tluman@gcwen.com#,1821 Celeste Dr,,Wall Township,NJ,077199506,,WEN #12335 Bristol - PA,3020 Veterans Highway,,Bristol,PA,19007,Store Manager,
Haza Foods LLC,121486-2,8/10/2023,TS,9728161448,tramke@HazaFoods.com#mailto:tramke@HazaFoods.com,4415 Highway 6,,Sugar Land,TX,77478,,"Wendy's site 13953 Beaumont, TX",3685 College St.,,Beaumont,TX,77701,,
Haza Foods LLC,122362,8/25/2023,TS,5049572075,doubre@hazafoods.com#mailto:doubre@hazafoods.com,4415 Highway 6,,Sugar Land,TX,77478,,Wendy's Site 09392 Baton Rouge - LA,9955 Bluebonnet Rd,,Baton Rouge,LA,70809,Store Manager,
Haza Foods LLC,122443,8/25/2023,TS,5049572075,doubre@hazafoods.com#mailto:doubre@hazafoods.com,4415 Highway 6,,Sugar Land,TX,77478,,"Wendy's site 08851 Baton Rouge, LA",19960 Highland Rd,,Baton Rouge,LA,70809,Store Manager,
Haza Foods LLC,122444,8/25/2023,TS,5049572075,doubre@hazafoods.com#mailto:doubre@hazafoods.com,4415 Highway 6,,Sugar Land,TX,77478,,"Wendy's site 08160 Baton Rouge, LA",8213 Airline Hwy,,Baton Rouge,LA, 70815,Store Manager,
Haza Foods LLC,122542,9/1/2023,TS,8506026488,gfields@hazafoods.com#mailto:gfields@hazafoods.com,4415 Highway 6,,Sugar Land,TX,77478,,"Wendy's 03581 Brainerd, MN",510 W Washington,,Brainerd,MN,56401,,
Haza Foods LLC,122559,9/4/2023,TS,5049572075,doubre@hazafoods.com#mailto:doubre@hazafoods.com,4415 Highway 6,,Sugar Land,TX,77478,,"Wendy's site 01571 St. Paul, MN",612 University Ave,,St. Paul,MN,55013,Store Manager,
Haza Foods LLC,122657,9/14/2023,TS,8506026488,tbschmitz1@gmail.com#mailto:tbschmitz1@gmail.com,4415 Highway 6,,Sugar Land,TX,77478,,"Wendy's site 01564 Bloomington, MN",2001 American Blvd,,Bloomington,MN,55431,Store Manager,
Heritage Partners,85811-1,8/2/2023,TS,9726449731,william@srrgmgmt.com#mailto:william@srrgmgmt.com,123 Street,,Atlanta,GA,00000,,"Wendy's site 00232 Louisville, KY",8596 Dixie Hwy,,Louisville,KY,40258,Store Manager,
Hoover Foods,122458,8/17/2023,TS,7704480300,julie@hooverfoods.com#mailto:julie@hooverfoods.com,4030 Johns Creek Pkwy,,Suwanee,GA,30024,7704975782,Dominion Site Services,205 Pine Brook Way,,Rozwell,GA,30076,Craig Barclay,4049800054
Hoover Foods,122459,8/24/2023,TS,4042711425,dslimmon@hooverfoods.com#mailto:dslimmon@hooverfoods.com,4030 Johns Creek Pkwy,,Suwanee,GA,30024,7704975782,Hoover Foods,4030 Johns Creek Pkwy,,Suwanee,GA,30024,,7704480300
Huston Electric,103373-6,9/14/2023,TS,3179033653,SteveB@hustonelectric.com#mailto:SteveB@hustonelectric.com,1915 East North Street,,Kokomo,IN,46901,,"Huston Electric WEN 08391 Kokomo, IN",1915 East North Street,,Kokomo,IN,46901,,7654579137
ID ASSOCIATES,121085-1,8/15/2023,TS,8883035534,emcreal@idassociatesinc.com#mailto:emcreal@idassociatesinc.com,1771 Industrial Road,,Dothan,AL,36303,3348361401,"Sign & Wonders WEN 13818 Yukon, OK",108 E. 9th Street,,Paden,OK,74860,Karen,4059324584
ID ASSOCIATES,122495,8/28/2023,TS,3348361400,,1771 Industrial Road,,Dothan,AL,36303,3348361401,"Wendy's site 13698 Amarillo, TX",6135 Soncy Rd.,,Amarillo,TX,79119,Store Manager,
ID ASSOCIATES,122580,9/5/2023,TS,3348361400,bgrantham@idassociatesinc.com#mailto:bgrantham@idassociatesinc.com,1771 Industrial Road,,Dothan,AL,36303,3348361401,Wendy's site 12898 Oakley - CA,1082 E Main St.,,Oakley,CA,94561,Store Manager,
"Inspired by Opportunity, LLC",117491-3,8/7/2023,TS,6166089024,,45 Ottawa Ave. SW,Suite 600,Grand Rapids,MI,49503,6167762776,"Wendy's Site 09974 Tallahassee, FL",1494 Capital Circle NW,,Tallahassee,FL,32303,,
"Inspired by Opportunity, LLC",118765-1,8/25/2023,TS,6166089024,,45 Ottawa Ave. SW,Suite 600,Grand Rapids,MI,49503,6167762776,"Wendy's Site 13439 Blytheville, AR",3779 E Main St,,Blytheville,AR,72315,,
"Inspired by Opportunity, LLC",121779,11/17/2023,TS,6166089024,RChenoweth@mhgi.net#mailto:RChenoweth@mhgi.net,45 Ottawa Ave. SW,Suite 600,Grand Rapids,MI,49503,6167762776,"Wendy's site 00153 Maumee, OH",914 Conant St.,,Maumee,OH,43537,Store Manager,
"Inspired by Opportunity, LLC",99791-6,8/23/2023,TS,9047601655,joelhahnenberg@aol.com#mailto:joelhahnenberg@aol.com,45 Ottawa Ave. SW,Suite 600,Grand Rapids,MI,49503,6167762776,"Wendy's Site #01776 Jacksonville, FL",6238 103rd Street,,Jacksonville,FL,32210,,2162975887
"JAI Restaurant Group, LLC",119482-2,8/25/2023,TS,6023273845,,1100 Park Central Blvd,Suite 3300,Pompano Beach,FL,33064,,"Wendy's site 13813 Socorro, TX",10600 North Loop Dr,,Socorro,TX,79927,,
"JAI Restaurant Group, LLC",120026-2,8/25/2023,TS,6023273845,,1100 Park Central Blvd,Suite 3300,Pompano Beach,FL,33064,,"Wendy's Site 13415 El Paso, TX",929 Sunland Dr.,,El Paso,TX,79922,,
JMJ-LLC,122669,9/14/2023,TS,6234632885,vbrown@jmj-llc.com#mailto:vbrown@jmj-llc.com,5535 West Glenn Dale Dr.,,Glendale,AZ,85301,6234632886,"Wendy's Site #11430 Laveen, AZ",3520 W Baseline Rd,,Laveen,AZ,85339,,
Jordan's Crossing,114540,12/22/2023,JS,6145073246,,342 N Hague Ave,,Columbus,OH,43204,,Jordan's Crossing,342 N Hague Ave,,Columbus,OH,43204,,6145073246
KBR Corporation,122470,8/24/2023,TS,7033231424,devon@kbrcorp.com#mailto:devon@kbrcorp.com,10503-B  Broddock Rd.,,Fairfax,VA,22032,7033230922,CVS 2230 Frederick - MD,2040 Rosemont Ave,,Frederick,MD,21701,Store Manager,3016954811
Kiddie Academy of Charlotte NC,120360,8/31/2023,JS,4105155411,,Johnston Oehler Rd,& Warner Glen Dr,Charlotte,NC,28269,,Kiddie Academy of Charlotte NC,Johnston Oehler Rd,& Warner Glen Dr,Charlotte,NC,28269,,4105155411
"Kiddie Academy of Erie, CO",122060-1,10/3/2023,JS,4105150788,,641 Mitchell Way,,Erie,CO,80516,,"Kiddie Academy of Erie, CO",641 Mitchell Way,,Erie,CO,80516,,4105150788
Kiddie's Playgroup Management,122611,8/31/2023,JS,6305393555,jim.hansen@kiddieacademy.net#mailto:jim.hansen@kiddieacademy.net,2005 Bloomingdale Rd,Suite G,Glendale Heights,IL,60139,,Kiddie Academy of Schaumburg,1121 E. Higgins Rd,,Schaumburg,IL,60173,Jim Hansen,
Kuhns Group Inc,122341,8/25/2023,TS,9378629950,jerry@kuhnsgroupinc.com#mailto:jerry@kuhnsgroupinc.com,PO Box 317,,Spring Valley,OH,45370,9378629952,"Wendy's site 09474 Ft. Wayne, IN",10440 Maysville Rd.,,Ft. Wayne,IN,46835,Store Manager,
Kuhns Group Inc,122402,9/15/2023,TS,9378629950,tim@kuhnsgroupinc.com#mailto:tim@kuhnsgroupinc.com,PO Box 317,,Spring Valley,OH,45370,9378629952,"Wendy's site 07636 Ft. Wayne, IN",701 E. Dupont Rd.,,Ft. Wayne,IN,46825,Store Manager,
Lawson's Restaurants,122594,9/6/2023,TS,2706996239,milkman59@yahoo.com#mailto:milkman59@yahoo.com,804 West Main Street,,Lebanon,KY,40033,,Lawson's Restaurants,804 West Main Street,,Lebanon,KY,40033,,2706920470
"Legacy Restaurant Group, LLC",122469,8/24/2023,TS,7856084448,david.hochstedler@legacywendys.com#mailto:david.hochstedler@legacywendys.com,10916 Strang Line Rd,,Lenexa,KS,66215,7852665529,"Wendy's site 02194 Mission, KS",5900 Roeland Drive,,Mission,KS,66205,Store Manager,
"Legacy Restaurant Group, LLC",75022-2,9/1/2023,TS,7856084448,david.hochstedler@legacywendys.com#mailto:david.hochstedler@legacywendys.com,10916 Strang Line Rd,,Lenexa,KS,66215,7852665529,"Wendy's site 05774 Lawrence, KS",601 Kasold,,Lawrence,KS,66049,,
Lsi Industries,122475,9/7/2023,TS,7133294075,presleigh.bland@lsicorp.com#mailto:presleigh.bland@lsicorp.com,14902 Sommermeyer,Suit 120,Houston,TX,77041,7136907317,LSI Industries/ Phill 66,14902 Sommermeyer,Suit 120,Houston,TX,77041,,7137444194
Lsi Industries,122476,9/7/2023,TS,7133294075,,14902 Sommermeyer,Suit 120,Houston,TX,77041,7136907317,LSI Industries/ Phill 66,14902 Sommermeyer,Suit 120,Houston,TX,77041,,7137444194
Manna Inc,109342-7,8/24/2023,TS,5042064871,JVermeulen@bfcompanies.com#mailto:JVermeulen@bfcompanies.com,3309 Collins Lane,,Louisville,KY,40245,5028553193,"Wendy's Site #11195 Ballwin, MO",14799 Manchester Rd.,,Ballwin,MO,63021,Store Manager,6366867341
Manna Inc,122726,9/6/2023,TS,6082153256,bruce.knutson@fazolis.com#mailto:bruce.knutson@fazolis.com,3309 Collins Lane,,Louisville,KY,40245,5028553193,"Fazoli's 5953 Stevens Point, WI",5665 US Hwy 10 E,,Stevens Point,WI,54481,Store Manager,
Manna Inc,87881-1,9/20/2023,TS,5028553183,SHettich@bfcompanies.com#mailto:SHettich@bfcompanies.com,3309 Collins Lane,,Louisville,KY,40245,5028553193,"Wendy's site 11175 Arnold, MO",989 Jeffco Boulevard,,Arnold,MO,63010,Store Manager,
Manna Inc.,110636-4,8/4/2023,TS,8154043232,rdelage@bfcompanies.com#mailto:rdelage@bfcompanies.com,9719 S. Franklin Drive,,Franklin,WI,53132,6305158997,"Wendy's site 02998 Danville, KY",1504 Hustonville Rd,,Danville,KY,40422,Store Manager,
Manna Inc.,110636-5,8/4/2023,TS,8154043232,,9719 S. Franklin Drive,,Franklin,WI,53132,6305158997,"Wendy's site 02998 Danville, KY",1504 Hustonville Rd,,Danville,KY,40422,,
Manna Inc.,110860-1,9/20/2023,TS,3144740858,swilson@bfcompanies.com#mailto:swilson@bfcompanies.com,9719 S. Franklin Drive,,Franklin,WI,53132,6305158997,"Wendy's site 11180 Alton, IL",1825 Homer M. Adams Pkwy,,Alton,IL,62002,Store Manager,
Manna Inc.,121911-2,9/7/2023,TS,8154043232,rdelage@bfcompanies.com#mailto:rdelage@bfcompanies.com,9719 S. Franklin Drive,,Franklin,WI,53132,6305158997,"Wendy's site 03284 London, KY",21 Dogpatch Trading Center,,London,KY,40741,,
Manna Inc.,122368,9/8/2023,TS,8154043232,rdelage@bfcompanies.com#mailto:rdelage@bfcompanies.com,9719 S. Franklin Drive,,Franklin,WI,53132,6305158997,"Wendy's site 11157 Belleville, IL",5959 Belleville Crossing St,,Belleville,IL,62226,Store Manager,
Manna Inc.,122368-1,9/8/2023,TS,8154043232,rdelage@bfcompanies.com#mailto:rdelage@bfcompanies.com,9719 S. Franklin Drive,,Franklin,WI,53132,6305158997,"Wendy's site 11157 Belleville, IL",5959 Belleville Crossing St,,Belleville,IL,62226,Store Manager,
Manna Inc.,122369-1,8/16/2023,TS,8154043232,rdelage@bfcompanies.com#mailto:rdelage@bfcompanies.com,9719 S. Franklin Drive,,Franklin,WI,53132,6305158997,"Wendy's site 11154 Belleville, IL",2600 Green Mount Common Dr.,,Belleville,IL,62221,Store Manager,
Manna Inc.,122607,9/29/2023,TS,8154043232,rdelage@bfcompanies.com#mailto:rdelage@bfcompanies.com,9719 S. Franklin Drive,,Franklin,WI,53132,6305158997,"Wendy's site 11155 Collinsville, IL",1061 Collinsville Crossing,,Collinsville,IL,62234,Store Manager,
Manna Inc.,122607-1,9/29/2023,TS,8154043232,rdelage@bfcompanies.com#mailto:rdelage@bfcompanies.com,9719 S. Franklin Drive,,Franklin,WI,53132,6305158997,"Wendy's site 11155 Collinsville, IL",1061 Collinsville Crossing,,Collinsville,IL,62234,Store Manager,
MANNAIN002,122490,8/28/2023,TS,6082899918,elang@vabwendys.com,9719 S. Franklin Drive,-,Franklin,Wisconsin,53132,,"Wendy s 09338 Virginia Beach, VA",1185 Nimmo Parkway,-,Virginia Beach,VA,23456,,
Meritage Hospitality Group,103364-2,9/14/2023,TS,2162975887,tdavis@mhgi.net#mailto:tdavis@mhgi.net,45 Ottawa Ave. SW,Suite 600,Grand Rapids,MI,49503,6167762776,"Wendy's Site #01762 Jacksonville, FL",3910 University BLVD West,,Jacksonville,FL,32217,Store manager,
Meritage Hospitality Group,964225-2,9/20/2023,TS,6165501439,gpennington@mhgi.net#mailto:gpennington@mhgi.net,3310 Eagle Park Dr.,,Grand Rapids,MI,49525,,"WEN #08714 Portland, MI",1695 East Grand River Ave,,Portland,MI,48875,,6165501439
Meritage Hospitality Group Inc.,122406,8/17/2023,TS,6785519084,dpalmer@mhgi.net#mailto:dpalmer@mhgi.net,45 Ottawa Ave. SW,Suite 600,Grand Rapids,MI,49503,6167762776,Darrell Palmer,722 Melrose Trace,,Dacula,GA,30019,,6785519084
Meritage Hospitality Group Inc.,122662,12/8/2023,TS,6166089024,RChenoweth@mhgi.net#mailto:RChenoweth@mhgi.net,45 Ottawa Ave. SW,Suite 600,Grand Rapids,MI,49503,6167762776,"Wendy's Site 09046 Big Springs, TX",2311 S. Gregg St,,Big Spring,TX,79720,Store Manager,
Meritage Hospitality Group Inc.,99359-4,9/1/2023,TS,6785519084,dpalmer@mhgi.net#mailto:dpalmer@mhgi.net,45 Ottawa Ave. SW,Suite 600,Grand Rapids,MI,49503,6167762776,"Wendy's Site #10532 Lawrenceville, GA",165 Scenic Hwy,,Lawrenceville,GA,30046,Store Manager,
"Monro, Inc",122587,9/9/2023,JS,5856295991,mindi.collum@monro.com#mailto:mindi.collum@monro.com,200 Holleder Pkwy,,Rochester,NY,14615,,"Tire Choice 1268 Venice, FL",4060 S Tamiami Trail,,Venice,FL,,,
MOUNTAI001,122508,8/30/2023,TS,8018648552,tdewitt@wendysppllc.com#mailto:tdewitt@wendysppllc.com,76 West 13775 South,Suite 2,Draper,Utah,84020,,"Wendy's site 04481 Elko, NV",1980 East Idaho St,-,Elko,NV,89801,,
Muffin Holdings,122377,8/14/2023,JS,2487094863,,3331 Rochester Rd,,Troy,MI,48085,,E & R Sign Service,23100 Bordman Rd.,,Armada,MI,48005,,5867844737
Nuvo Packing,122709-svy,8/30/2023,JP,6145935707,,845 Kaderly Drive,,Columbus,Ohio,43228,,Nuvo Packing,845 Kaderly Drive,,Columbus,Ohio,43228,,6145935707
Outdoor Images of Central Florida,122637,9/1/2023,OUTDOOR,4075380668,tom@outdoorimagesinc.net#mailto:tom@outdoorimagesinc.net,3200 Valleyview Dr.,,Columbus,OH,43204,,Outdoor/Florida Coast Equipment,3175 Grissom Parkway,,Cocoa,FL,32926,TOM BRADFORD,4075380668
Park Inland Restaurants (Westbank) Ltd,122590,9/22/2023,TS,7805392198,Kenpark63@gmail.com#mailto:Kenpark63@gmail.com,1570 Balfour Avenue,,Vancouver,BC,V6J2T9,,"Wendy's site 06517 Kelowna, BC",2070 Harvey Ave.,,Kelowna,BC,V1Y8J8,Store Manager,
Persona,110866,9/12/2023,TS,8008439888,atschakert@personasigns.com#mailto:atschakert@personasigns.com,700 21st St SW,PO Box 210,Watertown,SD,57201,6058823521,"Palo Verde Signs WEN 02991 Tucson, AZ",3302 S. Palo Verde,,Tucson,AZ,85713,Mark Shomo,5208844322
Persona,119413-3,8/4/2023,TS,8008439888,,700 21st St SW,PO Box 210,Watertown,SD,57201,6058823521,"Palo Verde Signs WEN 02926 Sierra Vista, AZ",3302 S. Palo Verde,,Tucson,AZ,85713,,5208844322
Persona,122521,11/3/2023,TS,8008439888,atschakert@personasigns.com#mailto:atschakert@personasigns.com,700 21st St SW,PO Box 210,Watertown,SD,57201,6058823521,"Royal Sign WEN 01363 Mesa, AZ",2631 N. 31st Ave.,,Phoenix,AZ,85009,Jack A.,6022786286
Persona,122522,10/5/2023,TS,8008439888,atschakert@personasigns.com#mailto:atschakert@personasigns.com,700 21st St SW,PO Box 210,Watertown,SD,57201,6058823521,"Palo Verde Signs WEN 10819 Tucson, AZ",3302 S. Palo Verde,,Tucson,AZ,85713,Mark Shomo,5208844322
Persona,122644,9/15/2023,TS,8008439888,atschakert@personasigns.com#mailto:atschakert@personasigns.com,700 21st St SW,PO Box 210,Watertown,SD,57201,6058823521,"Royal Sign WEN 13426 Phoenix, AZ",2631 N. 31st Ave.,,Phoenix,AZ,85009,Jack Alvord,6022786286
Persona,122644-1,11/14/2023,TS,8008439888,atschakert@personasigns.com#mailto:atschakert@personasigns.com,700 21st St SW,PO Box 210,Watertown,SD,57201,6058823521,"Royal Sign WEN 13426 Phoenix, AZ",2631 N. 31st Ave.,,Phoenix,AZ,85009,Jack Alvord,6022786286
Prairie Township Road Department,122716,9/20/2023,ER,6148783316,davidmcaninch@prairietownship.org#mailto:davidmcaninch@prairietownship.org,6725 Alkire Road,,Galloway,OH,43119,,Prairie Township Road Department,6725 Alkire Road,,Galloway,OH,43119,,6148783316
Primary Aim LLC,98158-3,9/4/2023,TS,3043744537,John.Szpyrka@primaryaimllc.com#mailto:John.Szpyrka@primaryaimllc.com,947 Adair Ave,,Zanesville,OH,43701,7404546056,"Wendy's site 02367 Pittsburg, PA",891 Freeport Rd.,,Pittsburgh,PA,15238,,
QFRM 3 LLC,119456,9/22/2023,TS,8137638462,Steve.Jenkins@qfrminc.com#mailto:Steve.Jenkins@qfrminc.com,524 Carnation Drive,,Winter Park,FL,32792,,"Wendy's Site 08565 Estero, FL",8661 Commons Way,,Estero,FL,33928,Store Manager,
QFRM 3 LLC,121816,12/8/2023,TS,9414790808,sherri.silvestri@qfrminc.com#mailto:sherri.silvestri@qfrminc.com,524 Carnation Drive,,Winter Park,FL,32792,,"Wendy's site 14159 Bonita Springs, FL",28090 Quails Nest Lane,,Bonita Springs,FL,34135,Store Manager,
QFRM 3 LLC,121819,9/29/2023,TS,9414790808,sherri.silvestri@qfrminc.com#mailto:sherri.silvestri@qfrminc.com,524 Carnation Drive,,Winter Park,FL,32792,,"Wendy's site 14047 Osprey, FL",13140 S Tamiami Trail,,Osprey,FL,34229,Store Manager,
QFRM 3 LLC,121826,12/1/2023,TS,9414790808,sherri.silvestri@qfrminc.com#mailto:sherri.silvestri@qfrminc.com,524 Carnation Drive,,Winter Park,FL,32792,,"Wendy's site 13281 Ft. Myers, FL",16991 Three Oaks Market Place,,Ft. Myers,FL,33912,Store Manager,
QFRM 3 LLC,122199,8/31/2023,TS,8137638462,Steve.Jenkins@qfrminc.com#mailto:Steve.Jenkins@qfrminc.com,524 Carnation Drive,,Winter Park,FL,32792,,Wendy's Site 09167 Port Charlotte - FL,13417 South McCall Road,Hurricane Ian,Port Charlotte,FL,33981,Store Manager,
QFRM 3 LLC,99365-4,8/11/2023,TS,9414790808,sherri.silvestri@qfrminc.com#mailto:sherri.silvestri@qfrminc.com,524 Carnation Drive,,Winter Park,FL,32792,,"Wendy's site 00523 Port Charlotte, FL",3206 NW Tamiami Trail,Hurricane Ian,Port Charlotte,FL,33952,,
Quality Burgers Restaurants Ltd.,121572,10/5/2023,TS,4165530673,Keyur_40@yahoo.co.in#mailto:Keyur_40@yahoo.co.in,1709-59A Avenue Close,,Lloydminster,AB,T9V4P5,,"Wendy's site 06111 Wasaga Beach, ON",1274 Mosley Street,,Wasaga Beach,ON,L9Z2E2,Store Manager,
"Quality Served Fast, Inc.",122273,10/6/2023,TS,5702351653,skepic@epix.net#mailto:skepic@epix.net,10 Downs Drive,,Plains,PA,18705,5702351658,"Wendy's site 12774 Clarks Summit, PA",1101 Northern Blvd,,Clarks Summit,PA,18411,Store Manager,
Quick Serve Restaurants Ltd.,122496,8/28/2023,TS,9059281411,kevind@qsrwendys.com#mailto:kevind@qsrwendys.com,200 Bay Street,Suite 3204 Box 106,Toronto,ON,M5J2J1,,Wendy's Site 06652 Orangeville - ON,100 Fifth Ave,,Orangeville,ON,L9W5E8,Store Manager,
Quick Serve Restaurants Ltd.,122497,8/28/2023,TS,9059281411,kevind@qsrwendys.com#mailto:kevind@qsrwendys.com,200 Bay Street,Suite 3204 Box 106,Toronto,ON,M5J2J1,,Wendy' 06457,389 Great Northern Rd,,Sault St Marie,on,P6B4Z8,,
Realistar,122678,8/25/2023,ONLINE,9373969320,nicole.gay@realistar.com,252 S Main St,-,CENTERVILLE,Ohio,45458,,- Nicole Gay,252 S Main St,-,CENTERVILLE,OH,45458,,
Recipe Unlimited Corporation,122655,9/12/2023,JS,9057602244,ttorres@recipeunlimited.com#mailto:ttorres@recipeunlimited.com,199 Four Valley Dr,,Vaughan,ON,L4K0B8,,NEW YORK FRIES Roosevelt Field 3452,630 Old Country Rd,,Garden City,NY,11530,,9057602244
"Rensko Holdings, LLC",122094,8/3/2023,JS,6143255411,jfrancis@renskoholdings.com#mailto:jfrancis@renskoholdings.com,294 McNair Rd,,Buffalo,NY,14221,,TH#5648 Georgesville Rd.,790 Georgesville Rd.,,Columbus,OH,,,
"Rensko Holdings, LLC",122504,8/29/2023,JS,6143255411,jfrancis@renskoholdings.com#mailto:jfrancis@renskoholdings.com,294 McNair Rd,,Buffalo,NY,14221,,Tim Hortons 914870,60 N. Wilson Rd,,Columbus,OH,43204,Jen Francis,
"Restaurant Holdings, LLC",120019,9/1/2023,TS,6166089024,RChenoweth@mhgi.net#mailto:RChenoweth@mhgi.net,45 Ottawa Ave. SW,Suite 600,Grand Rapids,MI,49503,,"Taco John's 5005 Kettering, OH",4045 Wilmington Pike,,Kettering,OH,45440,Store Manager,
"Restaurant Holdings, LLC",121396-1,8/18/2023,TS,6166089024,RChenoweth@mhgi.net#mailto:RChenoweth@mhgi.net,45 Ottawa Ave. SW,Suite 600,Grand Rapids,MI,49503,,"Taco John's Cadillac, MI",1770 N. Mitchell St.,,Cadillac,MI,49601,Store Manager,
ROMANELLI & HUGHES,122689,9/20/2023,ER,6145964165,Bdauer@rh-homes.com#mailto:Bdauer@rh-homes.com,148 W. Schrock Road,,Westerville,OH,43081,6148912045,Briarfield,5905 Stratton PL,,Black Lick,OH,43004,,
S & S Sign Service,122396,8/16/2023,TS,6142799722,RobertSS_sign_service@yahoo.com#mailto:RobertSS_sign_service@yahoo.com,485 Ternstedt Lane,,Columbus,OH,43228,,S & S Sign Service,485 Ternstedt Lane,,Columbus,OH,43228,,6142799722
Salz Group,122337,8/8/2023,TS,2126191222,aleon@salzgroup.com#mailto:aleon@salzgroup.com,50 Pine Street,Main Floor C-1,New York,NY,10005,,"Wendy's site 14058 Long Island City, NY",40-9 21st St,,Long Island City,NY,11101,Store Manager,
Sinkula Investments DBA Wendy's,122370,8/18/2023,TS,8594142358,laston@sinkula.com#mailto:laston@sinkula.com,3005 Dixie Hwy,Suite 150,Edgewood,KY,41017,,"Wendy's site 14149 Hebron, KY",3087 Terminal Dr.,Terminal B Space C114-C115,Hebron,KY,41048,Store Manager,
Sinkula Investments DBA Wendy's,122727,9/20/2023,TS,5134039234,jnienaber@sinkula.com#mailto:jnienaber@sinkula.com,3005 Dixie Hwy,Suite 150,Edgewood,KY,41017,,Sinkula Investments DBA Wendy's,3005 Dixie Hwy,Suite 150,Edgewood,KY,41017,,5134039234
Sorathia Holdings Inc.,120909,10/6/2023,TS,4036809557,hsorathia.wendys@gmail.com#mailto:hsorathia.wendys@gmail.com,3 Banded Peak Place,,Calgary,AB,T3Z3L5,,"Wendy's site 06815 Calgary, AB",8435 Bowfort Rd NW,,Calgary,AB,T3B2V2,Store Manager,
Southeast Restaurant Group,114757-1,8/18/2023,TS,3524457770,gpotter@southeastrestaurantgroup.com#mailto:gpotter@southeastrestaurantgroup.com,1201 Canal St,Unit C-2,New Orleans,LA,70112,,"Wendy's Site 04528 Palm Coast, FL",1 Old King Rd N,,Palm Coast,FL,32137,Store Manager,
Southeast Restaurant Group,116964-3,9/13/2023,TS,3524457770,gpotter@southeastrestaurantgroup.com#mailto:gpotter@southeastrestaurantgroup.com,1201 Canal St,Unit C-2,New Orleans,LA,70112,,"Wendy's Site 11329 Bunnell, FL",2570 Commerce Pkwy,,Bunnell,FL,32110,,
Southeast Restaurant Group,122457,8/17/2023,TS,3524457770,gpotter@southeastrestaurantgroup.com#mailto:gpotter@southeastrestaurantgroup.com,1201 Canal St,Unit C-2,New Orleans,LA,70112,,Wendy's 01769 Palatka FL,1824 Reid St,,Palatka,FL,32177,,
Southeast Restaurant Group,122653,9/13/2023,TS,3524457770,gpotter@southeastrestaurantgroup.com#mailto:gpotter@southeastrestaurantgroup.com,1201 Canal St,Unit C-2,New Orleans,LA,70112,,"Wendy's site 08868 Belleview, FL",10410 US-441,,Belleview,FL,34420,Store Manager,
Southeast Restaurant Group,122738,10/6/2023,TS,3524457770,gpotter@southeastrestaurantgroup.com#mailto:gpotter@southeastrestaurantgroup.com,1201 Canal St,Unit C-2,New Orleans,LA,70112,,"Wendy's site 13891 Lesburg, FL",US-27 N,,Leesburg,FL,34748,Store Manager,
SRRG Restaurants LLC,118639,12/8/2023,TS,8179375860,Leslie.Ohara@wendys.com#mailto:Leslie.Ohara@wendys.com,4201 Spring Valley Rd,STE 450,Dallas,TX,75244,,"Wendy's Site 13324 Azel, TX",700 Boyd Rd.,,Azle,TX,76020,Store Manager,
Star Pita,122658,9/4/2023,ER,6142185216,armandsollaku@yahoo.com#mailto:armandsollaku@yahoo.com,1471 S. High St.,,Columbus,OH,,,Star Pita,1471 S. High St.,,Columbus,OH,,,6142185216
Star Pita,122658-SVY,8/21/2023,ER,6142185216,,1471 S. High St.,,Columbus,OH,,,Star Pita,1471 S. High St.,,Columbus,OH,,,6142185216
Starboard Group,118081,11/10/2023,TS,6106358894,iharrison@starboardwendys.com#mailto:iharrison@starboardwendys.com,12540 West Atlantic Blvd.,,Coral Springs,FL,33071,9542552299,"Wendy's Site 07391 Sunrise, FL",9960 West Oakland Park Blvd,,Sunrise,FL,33351,Store Manager,
Starboard Group,118081-1,11/10/2023,TS,6106358894,iharrison@starboardwendys.com#mailto:iharrison@starboardwendys.com,12540 West Atlantic Blvd.,,Coral Springs,FL,33071,9542552299,"Wendy's Site 07391 Sunrise, FL",9960 West Oakland Park Blvd,,Sunrise,FL,33351,,
Starboard Group,118342,10/13/2023,TS,6106358894,iharrison@starboardwendys.com#mailto:iharrison@starboardwendys.com,12540 West Atlantic Blvd.,,Coral Springs,FL,33071,9542552299,Wendy's Site 00495 Tampa - FL,1501 E. Hillsborough Ave,,Tampa,FL,33610,Store Manager,
Starboard Group,118345,10/27/2023,TS,6106358894,iharrison@starboardwendys.com#mailto:iharrison@starboardwendys.com,12540 West Atlantic Blvd.,,Coral Springs,FL,33071,9542552299,"Wendy's Site 07705 Tampa, FL",1615 West Kennedy Blvd,,Tampa,FL,33606,Store Manager,
Starboard Group,118347,10/20/2023,TS,6106358894,iharrison@starboardwendys.com#mailto:iharrison@starboardwendys.com,12540 West Atlantic Blvd.,,Coral Springs,FL,33071,9542552299,"Wendy's Site #02011 Deerfield Beach, FL",1197 S. Military Trail,,Deerfield Beach,FL,33442,,9544286111
Starboard Group,118350,10/6/2023,TS,6106358894,iharrison@starboardwendys.com#mailto:iharrison@starboardwendys.com,12540 West Atlantic Blvd.,,Coral Springs,FL,33071,9542552299,"Wendy's Site 08483 Tuscaloosa, AL",4422 Old Birmingham Hwy,,Tuscaloosa,AL,35404,Store Manager,
Starboard Group,118356,11/3/2023,TS,6106358894,iharrison@starboardwendys.com#mailto:iharrison@starboardwendys.com,12540 West Atlantic Blvd.,,Coral Springs,FL,33071,9542552299,"WEN #01741 Melbourne, FL",2650 W. New Haven Ave.,,Melbourne,FL,32904,,3217273237
Starboard Group,118366,11/10/2023,TS,6106358894,iharrison@starboardwendys.com#mailto:iharrison@starboardwendys.com,12540 West Atlantic Blvd.,,Coral Springs,FL,33071,9542552299,"WEN #08558 Cape Canaveral, FL",8440 Astronaut Blvd.,,Cape Canaveral,FL,32920,,3217848557
Starboard Group,119321-2,10/6/2023,TS,6106358894,iharrison@starboardwendys.com#mailto:iharrison@starboardwendys.com,12540 West Atlantic Blvd.,,Coral Springs,FL,33071,9542552299,"WEN #08452 Rockledge, FL",648 Barnes Blvd,,Rockledge,FL,32955,,3216335667
"TH#4692 Troy, MI",118280,8/7/2023,JS,2487094863,John_mara@timzone.com#mailto:John_mara@timzone.com#,1905 E. Maple,,Troy,MI,48083,,E & R Sign Service,23100 Bordman Rd.,,Armada,MI,48005,,5867844737
The Rawson Group,122701,12/1/2023,TS,6099242262,richmorgan1959@aol.com#mailto:richmorgan1959@aol.com,58 E. Main Street Suite 4,,Somerville,NJ,08876,6099240184,"North Shore Neon WEN 13472 Staten Island, NY",295 Skidmore Road,,Deer Park,NY,11729,,
Tim Hortons #913665,121868-WAR,8/30/2023,JS,,,299 Main St.,,Madawaska,ME,04756,,Tim Hortons #913665,299 Main St.,,Madawaska,ME,04756,,
Toot N Totum,119717,10/6/2023,TS,6308868599,Mat.Knupp@wendys.com#mailto:Mat.Knupp@wendys.com,1115 South Taylor,,Amarillo,TX,79101,,"Wendy's Site 13530 Lubbock, TX",7012 Zenith Ave,,Lubbock,TX,79404,Store Manager,
Toot N Totum,119717-1,10/6/2023,TS,6308868599,Mat.Knupp@wendys.com#mailto:Mat.Knupp@wendys.com,1115 South Taylor,,Amarillo,TX,79101,,"Wendy's Site 13530 Lubbock, TX",7012 Zenith Ave,,Lubbock,TX,79404,,
Toot N Totum,119901-3,9/6/2023,TS,6308868599,Mat.Knupp@wendys.com#mailto:Mat.Knupp@wendys.com,1115 South Taylor,,Amarillo,TX,79101,,"Wendy's site 13575 Lamesa, TX",2301 Lubbock Highway,,Lamesa,TX,79331,Chris Moncivais,8063741050
Triple t tree care,122720,8/30/2023,ONLINE,4125262028,Burbrich412@gmail.com,505 Locust St,-,Leechburg,Pennsylvan,15656,,- Chris Barna,505 Locust St,-,Leechburg,PA,15656,,
T-Roy Enterprises Ltd.,118198-1,8/21/2023,TS,9025654444,wilsontroy@hotmail.com#mailto:wilsontroy@hotmail.com,197 Charlotte St,,Sydney,NS,B1P1C4,,Wendy's Site 06744 North Sydney,106 King St,,North Sydney,NS,B2A3S5,,9025654444
Ulrich Sign Company,122416,8/18/2023,JS,7164340167,,177 Oakhurst St,.,Lockport,NY,14094,7164340226,Ulrich Sign Company,177 Oakhurst St,,Lockport,NY,14094,,7164340167
Ulrich Sign Company,122456,8/23/2023,JS,7164340167,patricel@ulrichsigns.com#mailto:patricel@ulrichsigns.com,177 Oakhurst St,.,Lockport,NY,14094,7164340226,Tim Hortons 10974 Depew,4849 Transit Rd,,Depew,NY,,,
Van West Partners,119999-2,8/25/2023,ER,7206470027,,1830 South Bannock Street,Suite 200,Denver,CO,80223,,Van West Partners,3150 E. Reno Ave,,Oklahoma City,OK,73117,Daniel Nunez,4055542469
Van West Partners,121835,9/1/2023,ER,7206470027,laura@vanwestpartners.com#mailto:laura@vanwestpartners.com,1830 South Bannock Street,Suite 200,Denver,CO,80223,,ClearHome/Eloquent Signs - Fort Walton,80 S. Geronimo St Unit 2,,Miramar Beach,FL,32550,Breana Willimason,8504602425
Walmart DC6024,122438,9/27/2023,JD,6148712333,anna.gibb@walmart.com#mailto:anna.gibb@walmart.com,3880 Southwest Blvd,,Grove City,OH,43123,,Walmart DC6024,3880 Southwest Blvd,,Grove City,OH,43123,Anna Gibb,6148712333
We Love Tacos LLC,120019-1,9/1/2023,TS,6166089024,RChenoweth@mhgi.net#mailto:RChenoweth@mhgi.net,45 Ottawa Ave SW,Suite 600,Grand Rapids,MI,49503,,"Taco John's 5005 Kettering, OH",4045 Wilmington Pike,,Kettering,OH,45440,Store Manager,
We Love Tacos LLC,121396,8/18/2023,TS,6166089024,RChenoweth@mhgi.net#mailto:RChenoweth@mhgi.net,45 Ottawa Ave SW,Suite 600,Grand Rapids,MI,49503,,"Taco John's Cadillac, MI",1770 N. Mitchell St.,,Cadillac,MI,49601,Store Manager,
WEN JAI Restaurant Group,120652,10/6/2023,TS,6023273845,Mike.Crawley@wendys.com#mailto:Mike.Crawley@wendys.com,1100 Park Central Blvd S,Suite 3300,Pompano Beach,FL,33064,,Wendy's Site 08045,825 N Zaragoza Rd,,El Paso,TX,79907,Store Manager,
WENDBERTA ULC,121715,10/13/2023,TS,7809829841,amynh@rom27.com#mailto:amynh@rom27.com,10195 34th Avenue,,Edmonton,AB,T6E6J8,,"Wendy's site 06159 Edmonton, AB",122 Edgemont Road,,Edmonton,AB,T6M 3A9,Store Manager,
WENDBERTA ULC,122618,10/3/2023,TS,4165530673,jhoana.solano@wendys.com#mailto:jhoana.solano@wendys.com,10195 34th Avenue,,Edmonton,AB,T6E6J8,,"Wendy's site 06871 Calgary, AB",4307 130TH AVENUE S.E.,,CALGARY,AB,T2Z3V8,,
WENDBERTA ULC,122684,9/21/2023,TS,7809829841,amynh@rom27.com#mailto:amynh@rom27.com,10195 34th Avenue,,Edmonton,AB,T6E6J8,,"Wendy's site 06884 Calgary, AB",4605 25th St S.E.,,Calgary,AB,T2B3R9,Store Manager,
WENDY001,122570,9/5/2023,TS,6147648457,ibenia.carbajal@wendys.com,One Dave Thomas Blvd,PO Box 256,Dublin,Ohio,43017,,Wendy001 Wendy s 04823,4201 13th St,-,Saint Cloud,FL,34769,,
"Wendy's International, LLC",106136-4,8/18/2023,TS,6147643036,Jay.Kelly@wendys.com#mailto:Jay.Kelly@wendys.com,One Dave Thomas Blvd.,PO Box 256,Dublin,OH,43017,,"Wendy's site 02288 Fall River, MA",35 Mariano Bishop Blvd.,,Fall River,MA,02721,Store Manager,
"Wendy's International, LLC",121082,9/8/2023,TS,6154852975,clay.watkins@wendys.com#mailto:clay.watkins@wendys.com,One Dave Thomas Blvd.,PO Box 256,Dublin,OH,43017,,"Wendy's site 14023 New Albany, OH",9920 Johnstown Rd.,,New Albany,OH,43054,Store Manager,
"Wendy's International, LLC",121082-1,9/8/2023,TS,6154852975,clay.watkins@wendys.com#mailto:clay.watkins@wendys.com,One Dave Thomas Blvd.,PO Box 256,Dublin,OH,43017,,"Wendy's site 14023 New Albany, OH",9920 Johnstown Rd.,,New Albany,OH,43054,Store Manager,
"Wendy's International, LLC",121082-2,9/8/2023,TS,6154852975,clay.watkins@wendys.com#mailto:clay.watkins@wendys.com,One Dave Thomas Blvd.,PO Box 256,Dublin,OH,43017,,"Wendy's site 14023 New Albany, OH",9920 Johnstown Rd.,,New Albany,OH,43054,Store Manager,
"Wendy's International, LLC",121204,8/4/2023,TS,6303055574,jeff_gylling@wendys.com#mailto:jeff_gylling@wendys.com,One Dave Thomas Blvd.,PO Box 256,Dublin,OH,43017,,Wendy's Site 13352 Crystal Lake - IL,5501 Northwest Hwy,,Crystal Lake,IL,60014,Store Manager,
"Wendy's International, LLC",121204-1,8/4/2023,TS,6303055574,,One Dave Thomas Blvd.,PO Box 256,Dublin,OH,43017,,"Wendy's Site 13352 Crystal Lake, IL",5505 Northwest Hwy,,Crystal Lake,IL,60014,,
"Wendy's International, LLC",122323,8/18/2023,TS,5627603462,John.PuenteJr@wendys.com#mailto:John.PuenteJr@wendys.com,One Dave Thomas Blvd.,PO Box 256,Dublin,OH,43017,,"Wendy's site 09435 South Attleboro, MA",630 Washington St,,South Attleboro,MA,02703,Store Manager,
"Wendy's International, LLC",122405,10/6/2023,TS,5129091657,Charlene.May@wendys.com#mailto:Charlene.May@wendys.com,One Dave Thomas Blvd.,PO Box 256,Dublin,OH,43017,,"Wendy's site 01932 Fort Lauderdale, FL",2801 Davie Blvd,,Fort Lauderdale,FL,33312,Store Manager,
"Wendy's International, LLC",122510,12/1/2023,TS,6023273845,Mike.Crawley@wendys.com#mailto:Mike.Crawley@wendys.com,One Dave Thomas Blvd.,PO Box 256,Dublin,OH,43017,,"Wendy's site 11190 Aurora, CO",15297 E. Mississippi Ave,,Aurora,CO,80012,Store Manager,
"Wendy's International, LLC",122687,10/13/2023,TS,6154852975,clay.watkins@wendys.com#mailto:clay.watkins@wendys.com,One Dave Thomas Blvd.,PO Box 256,Dublin,OH,43017,,"Wendy's site 01757 New Smyrna Beach, FL",1608 S Dixie Fwy,,New Smyrna Beach,FL,32168,Store Manager,
"Wendy's International, LLC",84865-1,8/24/2023,TS,8133713376,Scott.Brady@wendys.com#mailto:Scott.Brady@wendys.com,One Dave Thomas Blvd.,PO Box 256,Dublin,OH,43017,,Wendy's 10529 Ococee FL,10674 W Colonial Dr,,Ococee,FL,34761,,
"Wendy's International, LLC",89507-1,8/23/2023,TS,6147643036,Jay.Kelly@wendys.com#mailto:Jay.Kelly@wendys.com,One Dave Thomas Blvd.,PO Box 256,Dublin,OH,43017,,Wendy's 08624 Providence RI,391 Charles St.,,Providence,RI,02904,,
Wendy's of Bloomington,121156-2,9/6/2023,TS,6306966417,Jeff.Gylling@wendys.com#mailto:Jeff.Gylling@wendys.com,3900 E. Industrial Dr,Suite #3,Bloomington,IN,47404,.,"Wendy's site 13648 West City, IL",120 N Central St.,,West City,IL,62812,Store Manager,
Wendy's of Bloomington,122429,12/1/2023,TS,8123613430,acarter@empire4.com#mailto:acarter@empire4.com,3900 E. Industrial Dr,Suite #3,Bloomington,IN,47404,.,"Wendy's site 13701 Columbus, IN",2981 N National Rd.,,Columbus,IN,47201,Store Manager,
Wendy's of Bloomington,122429-1,12/1/2023,TS,8123613430,acarter@empire4.com#mailto:acarter@empire4.com,3900 E. Industrial Dr,Suite #3,Bloomington,IN,47404,.,"Wendy's site 13701 Columbus, IN",2981 N National Rd.,,Columbus,IN,47201,,
Wendy's of Bowling Green Inc.,109448-1,9/7/2023,TS,8593549224,awoody@wenbg.com#mailto:awoody@wenbg.com,2501 Crossings Blvd.,Suite 300,Bowling Green,KY,42104,2707825919,"JR Woody WEN 09604 Lexington, KY",113 Hawks Nest Dr,,Lancaster,KY,40444,JR Woody,8593549224
Wendy's of Bowling Green Inc.,122630,8/28/2023,TS,8593549224,awoody@wenbg.com#mailto:awoody@wenbg.com,2501 Crossings Blvd.,Suite 300,Bowling Green,KY,42104,2707825919,JR Woody,113 Hawks Nest Dr,,Lancaster,KY,40444,JR Woody,8593549224
"Wendy's of the Pacific, Inc.",117613-4,8/24/2023,TS,2095776690,Steve_Lopez@wendpac.com#mailto:Steve_Lopez@wendpac.com,1308 Kansas Ave.,Suite 6,Modesto,CA,95351,2095243217,"Wendy's Site 07534 Reno, NV",4997 Longley Lane,,Reno,NV,89502,,
"Wendy's of the Pacific, Inc.",121897,9/5/2023,TS,2095776690,Steve_Lopez@wendpac.com#mailto:Steve_Lopez@wendpac.com,1308 Kansas Ave.,Suite 6,Modesto,CA,95351,2095243217,"Wendy's Store #09657 Dixon, CA",125 E. Dorset Dr.,,Dixon,CA,95620,Store manager,707-678-7248
Wendy's of Western Virginia,122698,9/22/2023,TS,5407749521,scottq@wowv.net#mailto:scottq@wowv.net,5010 Cell Tower Drive,Suite 206,Roanoke,VA,24018,5409890526,"Wendy's site 07892 Salem, VA",2103 Apperson Dr.,,Salem,VA,24153,Store Manager,
"Wendy's Restaurants of Canada, Inc.",122095,11/10/2023,TS,9053374607,jhoana_solano@wendys.com#mailto:jhoana_solano@wendys.com,240 Wycroft Road,,Oakville,ON,L6K2G7,9058495545,"Wendy's site 06195 Thetford Mines, QC",112 Boulevard Frontenac Ouest,,Thetford Mines,QC,G6G6N7,Store Manager,
WENDYSO002,122468,8/23/2023,TS,5738727473,leder@mhgi.net,45 Ottawa Ave SW,Suite 600,Grand Rapids,Michigan,49503,,"Wendy's site 08874 Smyrna, GA",2380 South Cobb Dr.,-,Smyrna,GA,30080,,
WENDYSO002,122511,8/30/2023,TS,9047601655,joelhahnenberg@aol.com,2380 South Cobb Dr.,Suite 600,Smyrna,Georgia,30080,,"Wendy s 01763 Jacksonville, FL",1616 University Blvd. S.,-,Jacksonville,FL,32216,,
WENDYSO002,122664,9/14/2023,TS,4047899842,SJones1@mhgi.net#mailto:SJones1@mhgi.net,45 Ottawa Ave SW,Suite 600,Grand Rapids,Michigan,49503,,WENDYSO002 Wendy s 05596,1777 Rockquarry Rd,-,Stockbridge,GA,30281,,
"Wentex Foods, LLC",121432,9/15/2023,TS,4792165524,brittany.brown@wentexfoods.com#mailto:brittany.brown@wentexfoods.com,5312 W. 9th St.,Suite 120,Greeley,CO,80634,,"Wendy's site 14048 Broken Bow, OK",200 South Park Dr,,Broken Bow,OK,74728,Store Manager,
"Wentex Foods, LLC",122423,11/3/2023,TS,4792165524,brittany.brown@wentexfoods.com#mailto:brittany.brown@wentexfoods.com,5312 W. 9th St.,Suite 120,Greeley,CO,80634,,"Wendy's site 13465 Van, TX",133 FM 314 Ste 100,,Van,TX,75790,Store Manager,
WENZAKI002,122461,8/23/2023,TS,6302363982,lisa@wenzak.com,424 Fort Hill Dr,#142,Naperville,Illinois,60540,,"Wendy's Site 08656 Springfield, IL",2901 Lindbergh Blvd,-,Springfield,IL,62704,,
WENZAKI002,122473,8/25/2023,TS,6302363982,lisa@wenzak.com,424 Fort Hill Dr,#142,Naperville,Illinois,60540,,"Wendy s site 03409 Taylorsville, IL",700 N. Webster,,Taylorville,IL,62568,,
WKS Frosty Corp,117217,9/29/2023,TS,5625195202,jim.donati@clockworkgc.com#mailto:jim.donati@clockworkgc.com,5856 Corporate Ave,Suite 200,Cypress,CA,90630,,"Wendy's Site 04456 Greencastle, IN",1018 Indianapolis Rd,,Greencastle,IN,46135,Store Manager,
WKS Frosty Corp,119333,10/20/2023,TS,5625195202,jim.donati@clockworkgc.com#mailto:jim.donati@clockworkgc.com,5856 Corporate Ave,Suite 200,Cypress,CA,90630,,"Wendy's Site 13631 Evansville, IN",12821 US 41 N,,Evansville,IN,47725,Store Manager,
WKS Frosty Corp,120702-1,8/10/2023,TS,7143312796,jose.sanchez@wksusa.com#mailto:jose.sanchez@wksusa.com,5856 Corporate Ave,Suite 200,Cypress,CA,90630,,"Wendy s Site 00844 Long Beach, CA",2201 Bell Flower Blvd,-,Long Beach,CA,90815,Jose Sanchez,7143312796
WKS Frosty Corp,122359,8/25/2023,TS,5625195202,jim.donati@clockworkgc.com#mailto:jim.donati@clockworkgc.com,5856 Corporate Ave,Suite 200,Cypress,CA,90630,,"Wendy's site 02907 Terre Haute, IN",3421 S Hwy 41,,Terre Haute,IN,47802,Store Manager,
WKS Frosty Corp,122699,10/27/2023,TS,5625195202,jim.donati@clockworkgc.com#mailto:jim.donati@clockworkgc.com,5856 Corporate Ave,Suite 200,Cypress,CA,90630,,"Wendy's site 09128 Mitchell, IN",2880 IN-37,,Mitchell,IN,47446,Store Manager,
WT Wenco Properties,113679-1,8/29/2023,TS,8018648552,tdewitt@wendysppllc.com#mailto:tdewitt@wendysppllc.com,76 West 13775 South,Suite 2,Draper,UT,84020,,"Wendy's site 05153 Sioux City, IA",2600 Industrial Blvd.,,Sioux City,IA,51111,Store Manager,
WTC Ventures,122519,8/30/2023,TS,7204703668,dbrubaker@wtcventures.com#mailto:dbrubaker@wtcventures.com,7135 Charlotte Pike,Suite 100,Nashville,TN,37209,,"Wendy's site 13864 Elum, WA",903 West 1st St.,,Elum,WA,98922,Store Manager,
WTC Ventures,122733,9/14/2023,TS,7204703668,,7135 Charlotte Pike,Suite 100,Nashville,TN,37209,,"Wendy's site 08254 Auburn, WA",902 Outlet Collection Way,,Auburn,WA,98002,Store Manager,
WTC Ventures,122736,9/14/2023,TS,7204703668,,7135 Charlotte Pike,Suite 100,Nashville,TN,37209,,"Wendy's site 02665 Kent, WA",6331 S. 212th St.,,Kent,WA,98032,Store Manager,
Xenia Building,119879,9/8/2023,JS,6142715758,judy@customsigncenter.com#mailto:judy@customsigncenter.com,3200 Valleyview Dive,,columbus,OH,43204,,Xenia Building,851 Bellbrook Ave,,Xenia,Ohio,45385,,6142710910
Yellow Cab Holdings,121186,9/8/2023,TS,6104013052,kf@yellowcabholdings.com#mailto:kf@yellowcabholdings.com,1209 ORANGE ST,,Wilmington,DE,19801,,"Wendy's site 13340 Egg Harbor City, NJ",269 W. White Horse Pike,,Egg Harbor City,NJ,08215,Store Manager,
Yellow Cab Holdings,121461-2,9/14/2023,TS,6104013052,kf@yellowcabholdings.com#mailto:kf@yellowcabholdings.com,1209 ORANGE ST,,Wilmington,DE,19801,,"Wendy's site 00398 York, PA",60 W. 11th Ave,,York,PA,17404,,
Yesco Columbus,122353,8/10/2023,TF,6143004246,jhayes@yesco.com#mailto:jhayes@yesco.com,3200 Valleyview dr.,,Columbus,OH,43204,,Yesco Columbus,3200 Valleyview Dr.,,Columbus,OH,43204,,
YESCO Denver Division,122565,9/26/2023,TS,9702896044,swidder@yesco.com#mailto:swidder@yesco.com,11220 E 53rd Ave,Suite #300,Denver,CO,80239,3033759111,YESCO Denver Division,11220 E 53rd Ave,Suite #300,Denver,CO,80239,,7204597132
YESCO Denver Division,122566,10/6/2023,TS,9702896044,,11220 E 53rd Ave,Suite #300,Denver,CO,80239,3033759111,YESCO Colorado Springs,5011 List Dr,,Colorado Springs,CO,80919,,
Yesco National Service,122488,8/28/2023,TS,7028768085,jshockley@yesco.com#mailto:jshockley@yesco.com,5119 South Cameron Street,,Las Vegas,NV,89118,7028763421,YESCO DENVER,11220 East 53rd Ave Suite 300,,Denver,CO,80239,Mike Widder U45706,3033759933
Yesco National Service,122578,9/6/2023,TS,7028768085,,5119 South Cameron Street,,Las Vegas,NV,89118,7028763421,YESCO Grand Island,"Mayhew Signs, Inc",4413 E US HWY 30 Ste 2,Grand Island,NE,68801,Ray Mayhew,3082827230
Yesco National Service,122627,9/8/2023,TF,7029534859,,5119 South Cameron Street,,Las Vegas,NV,89118,7028763421,YESCO /Krispy Kreme,,,El Paso,TX,79936,,6302374397
